-- phpMyAdmin SQL Dump
-- version 4.6.5.2
-- https://www.phpmyadmin.net/
--
-- Servidor: 127.0.0.1
-- Tiempo de generación: 22-12-2016 a las 18:04:32
-- Versión del servidor: 10.1.19-MariaDB
-- Versión de PHP: 5.6.28

SET SQL_MODE = "NO_AUTO_VALUE_ON_ZERO";
SET time_zone = "+00:00";


/*!40101 SET @OLD_CHARACTER_SET_CLIENT=@@CHARACTER_SET_CLIENT */;
/*!40101 SET @OLD_CHARACTER_SET_RESULTS=@@CHARACTER_SET_RESULTS */;
/*!40101 SET @OLD_COLLATION_CONNECTION=@@COLLATION_CONNECTION */;
/*!40101 SET NAMES utf8mb4 */;

--
-- Base de datos: `bioartes`
--

DELIMITER $$
--
-- Procedimientos
--
CREATE DEFINER=`root`@`localhost` PROCEDURE `SP_Actualizar_Existencia_compra` (IN `_cantidad` INT, IN `_id_producto` INT)  NO SQL
BEGIN

UPDATE tbl_productos
	SET cantidad = cantidad - _cantidad
WHERE
	id_producto = _id_producto;

END$$

CREATE DEFINER=`root`@`localhost` PROCEDURE `SP_Actualizar_Existencia_venta` (IN `_cantidad` INT, IN `_id_producto` INT)  NO SQL
BEGIN

UPDATE tbl_productos
	SET cantidad = cantidad + _cantidad
WHERE
	id_producto = _id_producto;

END$$

CREATE DEFINER=`root`@`localhost` PROCEDURE `SP_Actualizar_Exitencia_Bajas` (IN `_cantidad` INT, IN `_id_producto` INT)  NO SQL
BEGIN

UPDATE tbl_productos
	SET cantidad = cantidad + _cantidad
WHERE
	id_producto = _id_producto;

END$$

CREATE DEFINER=`root`@`localhost` PROCEDURE `SP_Actualizar_fecha_fin_contrato` (IN `id_persona` VARCHAR(50), IN `_fecha` DATE)  NO SQL
UPDATE tbl_persona SET fecha_Terminacion_Contrato = DATE_ADD(_fecha, INTERVAL 12 MONTH) WHERE id_persona = _id$$

CREATE DEFINER=`root`@`localhost` PROCEDURE `SP_Actualizar_Fecha_Limite` (IN `_id_venta` INT, IN `_dias` INT)  NO SQL
UPDATE tbl_ventas 
SET fecha_limite_credito = DATE_ADD(fecha_limite_credito, INTERVAL _dias DAY) 
WHERE id_ventas = _id_venta$$

CREATE DEFINER=`root`@`localhost` PROCEDURE `SP_anularAbonoCreditos` (IN `_id` INT)  NO SQL
UPDATE tbl_abono_ventas 
SET estado_abono =(CASE WHEN estado_abono = 1 THEN 0 ELSE 1 END) 
WHERE idabono = _id$$

CREATE DEFINER=`root`@`localhost` PROCEDURE `SP_anularAbonoPrestamos` (IN `_id` INT, IN `_estado` INT)  NO SQL
UPDATE tbl_abono_prestamo pre 
SET pre.estado_abono = _estado 
WHERE pre.idTbl_Abono_Prestamo = _id$$

CREATE DEFINER=`root`@`localhost` PROCEDURE `SP_AnularBaja` (IN `_codigo` INT, IN `_estado` INT)  NO SQL
UPDATE tbl_bajas 
SET estado = _estado 
WHERE id_bajas = _Codigo$$

CREATE DEFINER=`root`@`localhost` PROCEDURE `SP_AnularCompra` (IN `_codigo` INT, IN `_estado` INT)  NO SQL
UPDATE tbl_compras 
SET estado = _estado 
WHERE id_compras = _Codigo$$

CREATE DEFINER=`root`@`localhost` PROCEDURE `SP_AnularPago` (IN `_id` INT, IN `_estado` INT)  NO SQL
UPDATE tbl_pagoempleados 
SET estado = _estado 
WHERE id_pago = _id$$

CREATE DEFINER=`root`@`localhost` PROCEDURE `SP_AnularPrestamo` (IN `_id` INT, IN `_estado` INT)  NO SQL
UPDATE tbl_prestamos pres 
SET pres.estado_prestamo = (CASE WHEN pres.estado_prestamo = 1 THEN 3 ELSE 1 END) 
WHERE pres.id_prestamos = _id$$

CREATE DEFINER=`root`@`localhost` PROCEDURE `SP_Anular_Venta` (IN `_codigo` INT, IN `_estado` INT)  NO SQL
UPDATE tbl_ventas 
SET estado = _estado 
WHERE id_ventas = _Codigo$$

CREATE DEFINER=`root`@`localhost` PROCEDURE `SP_AsociarPagoaLiquidacion` (IN `_id_persona` INT)  NO SQL
SELECT pagos.total_pago 
FROM tbl_pagoempleados_has_tbl_configuracion pagos JOIN tbl_pagoempleados p ON pagos.Tbl_PagoEmpleados_idpago = p.id_pago 
WHERE pagos.Tbl_Configuracion_idTbl_Configuracion = 1 
AND P.Tbl_Persona_id_persona = _id_persona
ORDER BY pagos.Tbl_PagoEmpleados_idpago DESC LIMIT 1$$

CREATE DEFINER=`root`@`localhost` PROCEDURE `SP_AsociarPrimaLiquidacion` (IN `_id_persona` INT)  NO SQL
SELECT pagos.total_pago 
FROM tbl_pagoempleados_has_tbl_configuracion pagos JOIN tbl_pagoempleados p ON pagos.Tbl_PagoEmpleados_idpago = p.id_pago 
WHERE pagos.Tbl_Configuracion_idTbl_Configuracion = 3 
AND P.Tbl_Persona_id_persona = _id_persona
ORDER BY pagos.Tbl_PagoEmpleados_idpago DESC LIMIT 1$$

CREATE DEFINER=`root`@`localhost` PROCEDURE `SP_borrar_proveedor` (IN `_id_proveedor` VARCHAR(50))  NO SQL
DELETE FROM tbl_proveedor 
WHERE Tbl_Persona_id_persona = _id_proveedor$$

CREATE DEFINER=`root`@`localhost` PROCEDURE `SP_Buscar_Usuario` (IN `_nombre_usuario` VARCHAR(50))  NO SQL
SELECT p.nombres, 
       p.apellidos,
       p.id_persona, 
       u.id_usuarios, 
       u.clave, 
       u.estado, 
       u.nombre_usuario, 
       u.Tbl_rol_id_rol AS rol, 
       r.id_rol, 
       r.nombre_rol 
FROM tbl_persona p JOIN tbl_usuarios u ON p.id_persona = u.id_usuarios
JOIN tbl_rol r ON u.Tbl_rol_id_rol = r.id_rol 
WHERE u.nombre_usuario = _nombre_usuario$$

CREATE DEFINER=`root`@`localhost` PROCEDURE `SP_Buscar_Usuario2` (IN `_nombre` VARCHAR(50))  NO SQL
SELECT count(nombre_usuario) total 
FROM tbl_usuarios 
WHERE nombre_usuario = _nombre$$

CREATE DEFINER=`root`@`localhost` PROCEDURE `SP_Cambiar_Estado` (IN `_id` INT)  NO SQL
UPDATE tbl_productos 
SET estado = (CASE WHEN estado = 1 THEN 0 ELSE 1 END) 
WHERE id_producto = _id$$

CREATE DEFINER=`root`@`localhost` PROCEDURE `SP_Cambiar_Estado_Cliente` (IN `_id` VARCHAR(50))  NO SQL
UPDATE tbl_persona 
SET estado = (CASE WHEN estado = 1 THEN 0 ELSE 1 END)
WHERE id_persona = _id$$

CREATE DEFINER=`root`@`localhost` PROCEDURE `SP_Cambiar_Estado_Credito` (IN `_id_venta` INT, IN `_estado` INT)  NO SQL
UPDATE tbl_ventas 
SET estado_credito = (CASE WHEN estado_credito = 1 THEN 2 ELSE 1 END) 
WHERE id_ventas = _id_venta$$

CREATE DEFINER=`root`@`localhost` PROCEDURE `SP_Cambiar_Estado_Credito2` (IN `_id_venta` INT, IN `_estado` INT)  NO SQL
UPDATE tbl_ventas 
SET estado_credito = _estado
WHERE id_ventas = _id_venta$$

CREATE DEFINER=`root`@`localhost` PROCEDURE `SP_Cambiar_estado_Proveedor` (IN `_id` VARCHAR(50))  NO SQL
UPDATE tbl_persona 
SET estado = (CASE WHEN estado = 1 THEN 0 ELSE 1 END) 
WHERE id_persona = _id$$

CREATE DEFINER=`root`@`localhost` PROCEDURE `SP_Cambiar_estado_Usuario` (IN `_id` VARCHAR(50))  NO SQL
UPDATE tbl_usuarios 
SET estado = (CASE WHEN estado = 1 THEN 0 ELSE 1 END) 
WHERE id_usuarios = _id$$

CREATE DEFINER=`root`@`localhost` PROCEDURE `SP_Compras_Dia` ()  NO SQL
SELECT
	SUM(valor_total) AS compras_dia
FROM
	tbl_compras
WHERE
	DATE_FORMAT(fecha_compra, "%Y-%m-%d") = DATE_FORMAT(NOW(), "%Y-%m-%d") AND estado = 1$$

CREATE DEFINER=`root`@`localhost` PROCEDURE `SP_Compras_Mes` ()  NO SQL
SELECT
	SUM(valor_total) AS total
FROM
	tbl_compras t
WHERE DATE_FORMAT(t.fecha_compra,"%Y-%m-%d") BETWEEN DATE_FORMAT(NOW(), "%Y-%m-01") AND LAST_DAY(NOW()) AND t.estado = 1$$

CREATE DEFINER=`root`@`localhost` PROCEDURE `SP_ConsultarUsuario` (IN `_id_persona` VARCHAR(50))  NO SQL
SELECT u.nombre_usuario, 
       u.id_usuarios,
       p.email,
       p.id_persona
FROM tbl_usuarios u JOIN tbl_persona p ON u.id_usuarios = p.id_persona WHERE id_persona = _id_persona$$

CREATE DEFINER=`root`@`localhost` PROCEDURE `SP_Consultar_Configuracion` ()  NO SQL
SELECT Porcentaje_Maximo_Dcto, Valor_Subtotal_Minimo, 	Porcentaje_Minimo_Dcto, Valor_Subtotal_Maximo 
FROM tbl_configuracion_ventas$$

CREATE DEFINER=`root`@`localhost` PROCEDURE `SP_Consultar_Correo` (IN `_correo` VARCHAR(50), IN `_id` VARCHAR(50))  NO SQL
SELECT p.email  
FROM tbl_persona p
WHERE p.email = _correo and p.id_persona <> _id$$

CREATE DEFINER=`root`@`localhost` PROCEDURE `SP_Consultar_Emails` (IN `_correo` VARCHAR(50), IN `_id_persona` VARCHAR(50))  NO SQL
SELECT count(email) AS email 
FROM tbl_persona 
WHERE email = _correo AND id_persona <> _id_persona AND email <> ''$$

CREATE DEFINER=`root`@`localhost` PROCEDURE `SP_Consultar_Email_Proveedor` (IN `_correo` VARCHAR(50), IN `_id_persona` VARCHAR(50))  NO SQL
SELECT email 
FROM tbl_persona 
WHERE email = _correo AND id_persona <> _id_persona$$

CREATE DEFINER=`root`@`localhost` PROCEDURE `SP_Consultar_Estado_Abono` ()  NO SQL
SELECT estado_abono 
FROM tbl_abono_ventas$$

CREATE DEFINER=`root`@`localhost` PROCEDURE `SP_Consultar_Nombres_Categorias` ()  NO SQL
SELECT LOWER(nombre) AS nombre 
FROM tbl_categoria$$

CREATE DEFINER=`root`@`localhost` PROCEDURE `SP_Consultar_Nombre_Productos` ()  NO SQL
SELECT LOWER(nombre_producto) AS nombre 
FROM tbl_productos$$

CREATE DEFINER=`root`@`localhost` PROCEDURE `SP_Consultar_Personas` ()  NO SQL
SELECT * FROM tbl_persona$$

CREATE DEFINER=`root`@`localhost` PROCEDURE `SP_Consultar_Proveedor_Juridico` (IN `_id_proveedor` VARCHAR(50))  NO SQL
SELECT  Tbl_Persona_id_persona 
FROM tbl_proveedor 
WHERE Tbl_Persona_id_persona =_id_proveedor$$

CREATE DEFINER=`root`@`localhost` PROCEDURE `SP_Consultar_Total_Abono` (IN `_id_venta` INT, IN `_valor_Abono` DOUBLE)  NO SQL
SELECT total_venta - (fn_total_abonos(_id_venta) + _valor_abono) AS total  FROM tbl_ventas 
WHERE id_ventas = _id_venta$$

CREATE DEFINER=`root`@`localhost` PROCEDURE `SP_Consultar_Usuario` (IN `_usuario` VARCHAR(50), IN `_id_persona` VARCHAR(50))  NO SQL
SELECT u.nombre_usuario
FROM tbl_usuarios u 
WHERE u.nombre_usuario = _usuario AND u.id_usuarios <> _id_persona$$

CREATE DEFINER=`root`@`localhost` PROCEDURE `SP_Consultar_Usuarios` ()  NO SQL
SELECT nombre_usuario
FROM tbl_usuarios$$

CREATE DEFINER=`root`@`localhost` PROCEDURE `SP_DetalleBaja` (IN `_id_bajas` INT, IN `_id_productos` INT, IN `_Cantidad` INT, IN `_tipo` VARCHAR(30))  NO SQL
BEGIN
INSERT INTO tbl_productos_has_tbl_bajas (Tbl_Bajas_idbajas, Tbl_Productos_id_productos, Cantidad,tipo_baja) 
VALUES (_id_bajas,_id_productos,_Cantidad,_tipo);
UPDATE tbl_productos
SET cantidad = Cantidad - _Cantidad
where 	id_producto = _id_productos;
END$$

CREATE DEFINER=`root`@`localhost` PROCEDURE `SP_DetallePago` (IN `_id_persona` VARCHAR(50))  NO SQL
SELECT
pp.nombres,
pp.tipo_documento,
t.Tbl_nombre_tipo_persona,
p.Tbl_Persona_id_persona,
c.tipo_pago, 
c.tiempo_pago, 
c.porcentaje_comision, 
c.valor_base,
p.id_pago,
DATE_FORMAT(p.fecha_pago, '%Y-%m-%d') AS fecha_pago,
p.valorVentas,
p.valorComision,
p.cantidad_Dias,
p.valor_dia,
p.valor_prima,
p.valor_vacaciones,
p.valor_cesantias,
p.estado,
(SELECT MAX(abo.idTbl_Abono_Prestamo) FROM tbl_abono_prestamo abo) AS id_abono,
(SELECT abo.Tbl_Prestamos_idprestamos FROM tbl_abono_prestamo abo WHERE abo.idTbl_Abono_Prestamo = id_abono) AS id_prestamo,
conpa.total_pago
FROM tbl_pagoempleados p JOIN tbl_pagoempleados_has_tbl_configuracion d ON p.id_pago = d.Tbl_PagoEmpleados_idpago
JOIN tbl_configuracion c ON d.Tbl_Configuracion_idTbl_Configuracion = c.idTbl_Configuracion
JOIN tbl_persona pp ON p.Tbl_Persona_id_persona = pp.id_persona
JOIN tbl_tipopersona t ON pp.Tbl_TipoPersona_idTbl_TipoPersona = t.idTbl_tipo_persona
JOIN tbl_pagoempleados_has_tbl_configuracion conpa ON p.id_pago = conpa.Tbl_PagoEmpleados_idpago
WHERE p.Tbl_Persona_id_persona = _id_persona 
ORDER by p.fecha_pago DESC$$

CREATE DEFINER=`root`@`localhost` PROCEDURE `SP_DetallesBajas` (IN `_id_Baja` INT)  NO SQL
SELECT Tbl_Bajas_idbajas, Tbl_Productos_id_productos, Cantidad 
FROM tbl_productos_has_tbl_bajas 
WHERE Tbl_Bajas_idbajas = _id_baja$$

CREATE DEFINER=`root`@`localhost` PROCEDURE `SP_DetallesCompra` (IN `_id_compra` INT)  NO SQL
SELECT cp.id_detalle,
	   cp.cantidad,
       cp.valor_compra,
	   p.cantidad AS cantidad_producto, 
       p.id_producto,
       p.nombre_producto,
       p.precio_unitario,
       (cp.valor_compra * cp.cantidad) AS total 
FROM tbl_compras_has_tbl_productos AS cp 
JOIn tbl_productos AS p ON p.id_producto = cp.Tbl_Productos_id_productos WHERE Tbl_Compras_idcompras = _id_compra$$

CREATE DEFINER=`root`@`localhost` PROCEDURE `SP_Detallesproducto` (IN `_id_producto` INT)  NO SQL
SELECT id_producto, nombre_producto, precio_unitario, precio_detal, precio_por_mayor 
FROM tbl_productos 
WHERE id_producto = _id_producto$$

CREATE DEFINER=`root`@`localhost` PROCEDURE `SP_Detalles_Bajas` (IN `_id_baja` INT)  NO SQL
SELECT 
	b.Tbl_Bajas_idbajas AS id_detalle,
	b.tipo_baja,
	p.nombre_producto,
	b.Cantidad
FROM
	tbl_productos_has_tbl_bajas b 
JOIN tbl_productos p ON p.id_producto = b.Tbl_Productos_id_productos
WHERE b.Tbl_Bajas_idbajas = _id_baja$$

CREATE DEFINER=`root`@`localhost` PROCEDURE `SP_Detalles_Venta` (IN `_id` INT)  NO SQL
SELECT
			v.estado,
          	dv.id_detalle_venta,
          	dv.cantidad,
			dv.precio_venta,
          	p.id_producto,
          	p.nombre_producto,
          	p.precio_unitario,
            p.precio_por_mayor,
            p.precio_detal,
          	(dv.precio_venta * dv.cantidad) AS total
          FROM
          	tbl_productos_has_tbl_ventas AS dv
          JOIN tbl_productos AS p ON p.id_producto = dv.Tbl_Productos_id_productos
          JOIN tbl_ventas v ON v.id_ventas = dv.Tbl_Ventas_id_ventas
          WHERE dv.Tbl_Ventas_id_ventas = _id$$

CREATE DEFINER=`root`@`localhost` PROCEDURE `SP_Existe_Usuario` (IN `_nombre` VARCHAR(50), IN `_correo` VARCHAR(50))  NO SQL
SELECT p.id_persona,
       p.email,
       u.id_usuarios, 
       u.nombre_usuario,
       u.clave,
       r.id_rol, 
       r.nombre_rol 
FROM tbl_persona p JOIN tbl_usuarios u ON p.id_persona = u.id_usuarios
JOIN tbl_rol r ON u.Tbl_rol_id_rol = r.id_rol 
WHERE u.nombre_usuario = _nombre AND p.email = _correo$$

CREATE DEFINER=`root`@`localhost` PROCEDURE `SP_getDetalleCreditosV` (IN `_id_per` VARCHAR(50))  NO SQL
SELECT
		p.id_persona,
        p.tipo_documento,
		v.id_ventas,
        v.fecha_venta,
        v.fecha_limite_credito,
        v.total_venta,
        v.estado, 
        v.estado_credito,
		fn_total_abonos(v.id_ventas) AS total_abonado
FROM tbl_ventas v  
JOIN tbl_persona p 
ON p.id_persona = v.Tbl_persona_idpersona_cliente
WHERE p.id_persona = _id_per 
and v.tipo_de_pago = '1' and v.estado = 1$$

CREATE DEFINER=`root`@`localhost` PROCEDURE `SP_getDetallePrestamos` (IN `_id_per` VARCHAR(50))  NO SQL
SELECT
        pe.id_persona,
        pe.tipo_documento,
		CONCAT(pe.nombres, ' ', pe.apellidos) AS empleado,
		p.id_prestamos,
		p.fecha_prestamo,
		p.fecha_limite,
		p.valor_prestamo,
		p.descripcion,
		p.estado_prestamo, 
	(SELECT sum(tbp.valor) from tbl_abono_prestamo tbp 
     WHERE tbp.Tbl_Prestamos_idprestamos = p.id_prestamos) as Total
FROM tbl_prestamos P 
JOIN tbl_persona pe ON
pe.id_persona = p.Tbl_Persona_id_persona
WHERE pe.id_persona = _id_per$$

CREATE DEFINER=`root`@`localhost` PROCEDURE `SP_getNombreCliente` (IN `_idCliente` VARCHAR(50))  NO SQL
SELECT id_persona, CONCAT(nombres, ' ', apellidos) AS cliente 
FROM tbl_persona
WHERE id_persona = _idCliente$$

CREATE DEFINER=`root`@`localhost` PROCEDURE `SP_get_Abonos` (IN `_id` INT)  NO SQL
SELECT COUNT(*) AS total 
FROM tbl_abono_ventas 
WHERE Tbl_Ventas_idventas = _id AND estado_abono = 1$$

CREATE DEFINER=`root`@`localhost` PROCEDURE `SP_GuardarPersona` (IN `_id_persona` VARCHAR(50), IN `_telefono` VARCHAR(30), IN `_nombres` VARCHAR(30), IN `_email` VARCHAR(50), IN `_direccion` VARCHAR(50), IN `_apellidos` VARCHAR(30), IN `_genero` VARCHAR(20), IN `_tipo_documento` VARCHAR(20), IN `_id_tipo_persona` INT, IN `_celular` VARCHAR(15), IN `_fecha_contrato` DATE, IN `_fecha_terminacion` DATE)  NO SQL
INSERT INTO tbl_persona(id_persona, telefono, nombres, email,	direccion, apellidos, genero, tipo_documento, Tbl_TipoPersona_idTbl_TipoPersona, celular, fecha_Contrato, fecha_Terminacion_Contrato) 
VALUES (_id_persona, _telefono, _nombres, _email, _direccion, _apellidos, _genero, _tipo_documento, _id_tipo_persona, _celular, _fecha_contrato, DATE_ADD(_fecha_terminacion, INTERVAL 12 MONTH))$$

CREATE DEFINER=`root`@`localhost` PROCEDURE `SP_guardarUsuario` (IN `_id_usuario` VARCHAR(50), IN `_clave` VARCHAR(200), IN `_nombre_usuario` VARCHAR(30), IN `_id_rol` INT)  NO SQL
INSERT INTO Tbl_Usuarios(id_usuarios, clave, nombre_usuario, Tbl_rol_id_rol) 
VALUES(_id_usuario, _clave, _nombre_usuario, _id_rol)$$

CREATE DEFINER=`root`@`localhost` PROCEDURE `SP_IdEmpleado` (IN `_id` VARCHAR(50))  NO SQL
SELECT id_persona 
FROM tbl_persona 
WHERE id_persona = _id 
AND Tbl_TipoPersona_idTbl_TipoPersona IN (1,2)$$

CREATE DEFINER=`root`@`localhost` PROCEDURE `SP_InfoCompra` (IN `_codigo` INT)  NO SQL
SELECT c.id_compras,
	   c.fecha_compra,
       c.valor_total AS total,
       p.id_persona,
       CONCAT(p.nombres, ' ', p.apellidos) AS proveedor,
       CONCAT(e.nombres, ' ', e.apellidos) AS empleado 
FROM tbl_compras c 
JOIN tbl_persona p ON p.id_persona = c.Tbl_Persona_id_persona_proveedor 
JOIN tbl_persona e ON c.Tbl_Persona_id_persona_empleado = e.id_persona WHERE id_compras = _codigo$$

CREATE DEFINER=`root`@`localhost` PROCEDURE `SP_Informe_Bajas` ()  NO SQL
SELECT
       DATE_FORMAT(b.fecha_salida, '%Y-%m-%d') AS fecha_salida,
       b.id_persona_empleado,
       b.estado,
       b.id_bajas,
       db.Tbl_Bajas_idbajas,
       db.Tbl_Productos_id_productos,
       db.Cantidad,
       db.tipo_baja,
       pro.Tbl_Categoria_idcategoria,
       c.nombre,
       CONCAT(pro.nombre_producto, ' ', pro.talla) AS nombre_producto,
       p.id_persona,
       CONCAT(p.nombres, ' ', p.apellidos) AS empleado
FROM tbl_productos pro 
JOIN tbl_categoria c on c.id_categoria = pro.Tbl_Categoria_idcategoria JOIN tbl_productos_has_tbl_bajas db ON db.Tbl_Productos_id_productos = pro.id_producto 
JOIN tbl_bajas b ON b.id_bajas = db.Tbl_Bajas_idbajas 
JOIN tbl_persona p ON p.id_persona = b.id_persona_empleado 
WHERE b.estado = 1$$

CREATE DEFINER=`root`@`localhost` PROCEDURE `SP_Informe_Bajas_Por_fecha` (IN `_fecha_inicial` TIMESTAMP, IN `_fecha_final` TIMESTAMP)  NO SQL
BEGIN
SET lc_time_names = 'es_CO';

SELECT 
       p.id_producto,
       p.nombre_producto,
       c.nombre,
       b.fecha_salida,
       DATE_FORMAT(b.fecha_salida, '%M') AS fecha,
       db.tipo_baja,
       db.cantidad
FROM tbl_productos p JOIN tbl_categoria c ON c.id_categoria = p.Tbl_Categoria_idcategoria JOIN
tbl_productos_has_tbl_bajas db ON p.id_producto = db.Tbl_Productos_id_productos JOIN tbl_bajas b ON b.id_bajas = db.Tbl_Bajas_idbajas where DATE_FORMAT(b.fecha_salida, '%Y-%m-%d') BETWEEN _fecha_inicial and _fecha_final AND b.estado = 1 ORDER BY b.fecha_salida desc;
END$$

CREATE DEFINER=`root`@`localhost` PROCEDURE `SP_Informe_Compras` (IN `_fecha_inicial` TIMESTAMP, IN `_fecha_final` TIMESTAMP)  NO SQL
BEGIN

SET lc_time_names = 'es_CO';

select c.id_compras, 
	   c.fecha_compra, 
       DATE_FORMAT(c.fecha_compra, '%M') AS mes,
       c.valor_total, 
       c.estado, 
       c.Tbl_Persona_id_persona_proveedor, 
       c.Tbl_Persona_id_persona_empleado,
       CONCAT (p.nombres, ' ', p.apellidos) AS proveedor
from tbl_compras c JOIN tbl_persona p ON c.Tbl_Persona_id_persona_proveedor = p.id_persona
where DATE_FORMAT(fecha_compra, '%Y-%m-%d')
BETWEEN _fecha_inicial and _fecha_final AND c.estado = 1 
ORDER BY c.id_compras desc;
END$$

CREATE DEFINER=`root`@`localhost` PROCEDURE `SP_Informe_Pagos` (IN `_id` INT)  NO SQL
SELECT DISTINCT p.id_persona, 
				p.tipo_documento,
                p.fecha_Contrato,
	   	        CONCAT(p.nombres, ' ', p.apellidos) AS empleado,
       			p.estado, 
       			t.Tbl_nombre_tipo_persona,
                pe.id_pago,
                DATE_FORMAT(pe.fecha_pago, '%Y/%m/%d') AS fecha_pago,
                pe.cantidad_dias,
                pe.valor_dia,
                pe.valor_prima,
                pe.valorComision,
                pe.cantidad_dias,
                pe.valor_vacaciones,
                pe.valor_cesantias,
                pe.valorVentas,
                pe.estado,
                dp.total_pago,
                cp.tipo_pago,
                cp.tiempo_pago,
                cp.Valor_dia,
                cp.valor_dia_temporal,
                cp.porcentaje_comision,
                cp.valor_base,
                cp.idTbl_Configuracion
FROM tbl_persona p 
JOIN tbl_tipopersona t ON p.Tbl_TipoPersona_idTbl_TipoPersona = t.idTbl_tipo_persona
JOIN tbl_pagoempleados pe ON pe.Tbl_Persona_id_persona = p.id_persona
JOIN tbl_pagoempleados_has_tbl_configuracion dp ON dp.Tbl_PagoEmpleados_idpago = pe.id_pago
JOIN tbl_configuracion cp ON cp.idTbl_Configuracion = dp.Tbl_Configuracion_idTbl_Configuracion 
WHERE pe.id_pago = _id AND pe.estado = 1 
ORDER BY pe.fecha_pago DESC$$

CREATE DEFINER=`root`@`localhost` PROCEDURE `SP_Informe_Pagos2` (IN `_id_persona` VARCHAR(50))  NO SQL
SELECT DISTINCT p.id_persona, 
				p.tipo_documento,
	   	        CONCAT(p.nombres, ' ', p.apellidos) AS empleado,
       			p.estado, 
       			t.Tbl_nombre_tipo_persona,
                DATE_FORMAT(pe.fecha_pago, '%Y-%m-%d') AS fecha_pago,
                pe.valor_prima,
                pe.valor_vacaciones,
                pe.valor_cesantias,
                pe.cantidad_dias,
                pe.valor_dia,
                pe.valorComision,
                dp.total_pago,
                cp.tipo_pago,
                cp.Valor_dia
FROM tbl_persona p 
JOIN tbl_tipopersona t ON p.Tbl_TipoPersona_idTbl_TipoPersona = t.idTbl_tipo_persona
JOIN tbl_pagoempleados pe ON pe.Tbl_Persona_id_persona = p.id_persona
JOIN tbl_pagoempleados_has_tbl_configuracion dp ON dp.Tbl_PagoEmpleados_idpago = pe.id_pago JOIN tbl_configuracion cp ON cp.idTbl_Configuracion = dp.Tbl_Configuracion_idTbl_Configuracion 
WHERE p.id_persona = _id_persona AND pe.estado = 1 
ORDER BY pe.fecha_pago DESC$$

CREATE DEFINER=`root`@`localhost` PROCEDURE `SP_Informe_Prestamos` (IN `_fecha_inicial` DATE, IN `_fecha_final` DATE)  NO SQL
SELECT DISTINCT p.id_persona, 
				p.tipo_documento,
                p.nombres, 
                p.apellidos, 
                tp.Tbl_nombre_tipo_persona, 
                pre.estado_prestamo,
                pre.valor_prestamo,
                pre.descripcion,
                pre.fecha_limite,
                pre.fecha_prestamo,
                pre.estado_prestamo
FROM tbl_persona p 
JOIN tbl_prestamos pre on p.id_persona = pre.Tbl_Persona_id_persona
JOIN tbl_tipopersona tp ON tp.idTbl_tipo_persona = p.Tbl_TipoPersona_idTbl_TipoPersona
WHERE DATE_FORMAT(pre.fecha_prestamo, '%Y-%m-%d')
BETWEEN _fecha_inicial and _fecha_final AND pre.estado_prestamo = 1$$

CREATE DEFINER=`root`@`localhost` PROCEDURE `SP_Informe_Prestamos_Por_Empleado` (IN `_id_persona` VARCHAR(50))  NO SQL
SELECT DISTINCT p.id_persona,
	   p.tipo_documento,
       CONCAT(p.nombres, ' ', p.apellidos) AS empleado,
       tp.Tbl_nombre_tipo_persona,
       pres.fecha_prestamo,
       pres.valor_prestamo,
       pres.descripcion,
       pres.fecha_limite
from tbl_persona p 
JOIN tbl_tipopersona tp ON tp.idTbl_tipo_persona = p.Tbl_TipoPersona_idTbl_TipoPersona 
JOIN tbl_prestamos pres ON pres.Tbl_Persona_id_persona = p.id_persona 
WHERE p.id_persona = _id_persona AND pres.estado_prestamo IN (1, 3) 
ORDER BY pres.fecha_prestamo DESC$$

CREATE DEFINER=`root`@`localhost` PROCEDURE `SP_Informe_Ventas` (IN `_fecha_inicial` TIMESTAMP, IN `_fecha_final` TIMESTAMP)  NO SQL
BEGIN
SET lc_time_names = 'es_CO';

select v.id_ventas, 
	   v.fecha_venta, 
       DATE_FORMAT(v.fecha_venta, '%M') AS mes,
       v.total_venta, 
       v.subtotal_venta,
       v.descuento,
       v.estado, 
       v.Tbl_persona_idpersona_cliente, 
       v.Tbl_Persona_idpersona_empleado,
       v.tipo_de_pago,
       CONCAT (p.nombres, ' ', p.apellidos) AS cliente
from tbl_ventas v 
JOIN tbl_persona p ON v.Tbl_persona_idpersona_cliente = p.id_persona
where DATE_FORMAT(fecha_venta, '%Y-%m-%d') 
BETWEEN _fecha_inicial and _fecha_final AND v.estado = 1 
ORDER BY v.fecha_venta DESC;
END$$

CREATE DEFINER=`root`@`localhost` PROCEDURE `SP_Info_Baja` (IN `_id_baja` INT)  NO SQL
SELECT b.id_persona_empleado,
	   b.id_bajas,
       CONCAT(per.nombres, ' ', per.apellidos) AS empleado,
       per.estado
 FROM tbl_persona per 
 JOIN tbl_bajas b ON b.id_persona_empleado = per.id_persona 
 WHERE b.id_bajas = _id_baja$$

CREATE DEFINER=`root`@`localhost` PROCEDURE `SP_Info_Producto` (IN `_id_producto` INT)  NO SQL
SELECT id_producto, nombre_producto 
FROM tbl_productos 
WHERE id_producto = _id_producto$$

CREATE DEFINER=`root`@`localhost` PROCEDURE `SP_Info_Venta` (IN `_id_venta` INT)  NO SQL
SELECT p.Tbl_TipoPersona_idTbl_TipoPersona,
       p.id_persona,
       p.tipo_documento,
       v.id_ventas,
	   DATE_FORMAT(v.fecha_venta, '%Y/%m/%d')AS fecha_venta, 
       v.total_venta as total, 
       v.subtotal_venta,
       v.descuento, 
       v.Tbl_Persona_idpersona_empleado,
       v.tipo_de_pago,
       CONCAT(e.nombres, ' ', e.apellidos) AS empleado,
       CONCAT(p.nombres, ' ', p.apellidos) as cliente 
FROM tbl_ventas v 
JOIN tbl_persona p ON p.id_persona = v.Tbl_persona_idpersona_cliente
JOIN tbl_persona e ON v.Tbl_Persona_idpersona_empleado = e.id_persona WHERE id_ventas = _id_venta$$

CREATE DEFINER=`root`@`localhost` PROCEDURE `SP_InsertarBaja` (IN `_id_persona` VARCHAR(50))  NO SQL
INSERT INTO tbl_bajas(id_persona_empleado) 
VALUES(_id_persona)$$

CREATE DEFINER=`root`@`localhost` PROCEDURE `SP_insertarCompra` (IN `_valor_total` DOUBLE, IN `_proveedor` VARCHAR(50), IN `_id_empleado` VARCHAR(50))  NO SQL
INSERT INTO tbl_compras (valor_total, Tbl_Persona_id_persona_proveedor, 	Tbl_Persona_id_persona_empleado) 
VALUES (_valor_total, _proveedor, _id_empleado)$$

CREATE DEFINER=`root`@`localhost` PROCEDURE `SP_insertarDetalleCompra` (IN `_id_producto` INT, IN `_id_compra` INT, IN `_cantidad` INT, IN `_precio_compra` DOUBLE)  NO SQL
BEGIN
INSERT INTO tbl_compras_has_tbl_productos (Tbl_Compras_idcompras, Tbl_Productos_id_productos, cantidad, valor_compra) 
VALUES (_id_compra, _id_producto, _cantidad, _precio_compra);
UPDATE tbl_productos 
SET cantidad = cantidad + _cantidad 
WHERE id_producto = _id_producto;
END$$

CREATE DEFINER=`root`@`localhost` PROCEDURE `SP_InsertarDetalleVenta` (IN `_codigoProducto` INT, IN `_codigoVenta` INT, IN `_cantidad` INT, IN `_precio_producto` DOUBLE, IN `_precio_unitario` DOUBLE)  NO SQL
BEGIN
	INSERT INTO tbl_productos_has_tbl_ventas 
	(
		Tbl_Ventas_id_ventas,
		Tbl_Productos_id_productos,
		cantidad,
		precio_venta,
        precio_unitario_actual
	)
VALUES
	(
		_codigoVenta,
		_codigoProducto,
		_cantidad,
		_precio_producto, 
        _precio_unitario
	);

UPDATE tbl_productos 
SET cantidad = cantidad - _cantidad 
WHERE id_producto = _codigoProducto;
END$$

CREATE DEFINER=`root`@`localhost` PROCEDURE `SP_InsertarVenta` (IN `_valorSubtotal` DOUBLE, IN `_descuento` DOUBLE, IN `_valorTotal` DOUBLE, IN `_codigoCliente` VARCHAR(50), IN `_tipoPago` INT, IN `_empleado` VARCHAR(50))  NO SQL
INSERT INTO tbl_ventas (subtotal_venta, descuento,
                        total_venta,
                        Tbl_persona_idpersona_cliente,
                        tipo_de_pago, 
                        Tbl_Persona_idpersona_empleado)
VALUES (_valorSubtotal, _descuento, (_valorTotal - _descuento), _codigoCliente, _tipoPago, _empleado)$$

CREATE DEFINER=`root`@`localhost` PROCEDURE `SP_Insertar_Abono_CreditoVen` (IN `_valor_Abonar_CreditoV` DOUBLE, IN `_id_ventas` INT, IN `_id_empleado` VARCHAR(50))  NO SQL
INSERT INTO tbl_abono_ventas
(valor_abono, Tbl_Ventas_idventas, saldo_abono, Id_empleado_abono)      
VALUES(
	_valor_Abonar_CreditoV,
	_id_ventas, 
	(CASE 
		WHEN 
			fn_total_abonos(_id_ventas) IS NULL THEN 0 
		ELSE 
			fn_total_abonos(_id_ventas) END
		) + _valor_Abonar_CreditoV, 
    _id_empleado
	)$$

CREATE DEFINER=`root`@`localhost` PROCEDURE `SP_Insertar_Proveedor` (IN `_nit` VARCHAR(50), IN `_empresa` VARCHAR(50), IN `_telefono` VARCHAR(50), IN `_id_persona` VARCHAR(50))  NO SQL
INSERT INTO tbl_proveedor(nit,	empresa, telefono_empresa, Tbl_Persona_id_persona) 
VALUES(_nit, _empresa, _telefono, __id_persona)$$

CREATE DEFINER=`root`@`localhost` PROCEDURE `SP_Insertar_Proveedor_Juridico` (IN `_nit` VARCHAR(50), IN `_empresa` VARCHAR(50), IN `_telefono` VARCHAR(50), IN `_id_persona` VARCHAR(50))  NO SQL
INSERT INTO tbl_proveedor(nit,	empresa, telefono_empresa, Tbl_Persona_id_persona) 
VALUES(_nit, _empresa, _telefono, _id_persona)$$

CREATE DEFINER=`root`@`localhost` PROCEDURE `SP_Insertar_venta_Credito` (IN `_valorSubtotal` DOUBLE, IN `_descuento` DOUBLE, IN `_valorTotal` DOUBLE, IN `_codigoCliente` VARCHAR(50), IN `_tipoPago` INT, IN `_empleado` VARCHAR(50), IN `_fecha_limite` INT)  NO SQL
INSERT INTO tbl_ventas (subtotal_venta, descuento,
                        total_venta,
                        Tbl_persona_idpersona_cliente,
                        tipo_de_pago, 
                        Tbl_Persona_idpersona_empleado, 
                        fecha_limite_credito)
VALUES (_valorSubtotal, _descuento, (_valorTotal - _descuento), _codigoCliente, _tipoPago, _empleado, DATE_ADD(NOW(),INTERVAL _fecha_limite DAY))$$

CREATE DEFINER=`root`@`localhost` PROCEDURE `SP_listarAbonos` (IN `id_prestamo` INT)  NO SQL
SELECT p.idTbl_Abono_Prestamo, 
       DATE_FORMAT(p.fecha_abono, '%Y-%m-%d') AS fecha_abono, 
       p.estado_abono, 
       p.Tbl_Prestamos_idprestamos, 
       p.valor
FROM tbl_abono_prestamo p 
WHERE p.Tbl_Prestamos_idprestamos = id_prestamo 
ORDER BY p.fecha_abono DESC$$

CREATE DEFINER=`root`@`localhost` PROCEDURE `SP_listarAbonosCreditosV` (IN `id_VentaCredito` INT)  NO SQL
SELECT DATE_FORMAT(v.fechaAbono, '%Y-%m-%d') AS fechaAbono, 
       v.valor_abono, 
       v.saldo_abono,
       v.estado_abono,
       v.idabono,
       CONCAT(p.nombres, ' ', p.apellidos) AS empleado
FROM tbl_abono_ventas v 
JOIN tbl_persona p ON p.id_persona = v.Id_empleado_abono
WHERE v.Tbl_Ventas_idventas = id_VentaCredito 
ORDER BY v.fechaAbono DESC$$

CREATE DEFINER=`root`@`localhost` PROCEDURE `SP_ListarBajas` ()  NO SQL
SELECT b.id_bajas,b.id_persona_empleado, 
			CONCAT_WS(' ', p.id_persona, '-', p.nombres, p.apellidos) AS nombre_persona, 
			b.estado,
       date_format(b.fecha_salida, '%Y-%m-%d') AS fecha_salida
FROM tbl_bajas b 
JOIN tbl_persona p ON p.id_persona = b.id_persona_empleado$$

CREATE DEFINER=`root`@`localhost` PROCEDURE `SP_listarCateg` (IN `_id_categoria` VARCHAR(50))  NO SQL
SELECT * 
FROM tbl_categoria 
WHERE id_categoria = _id_categoria$$

CREATE DEFINER=`root`@`localhost` PROCEDURE `SP_ListarClientes` ()  NO SQL
SELECT
	id_persona AS documento,
	CONCAT(nombres, ' ', apellidos) AS nombres,
	telefono,
	direccion,
    estado,
    Tbl_TipoPersona_idTbl_TipoPersona, 
	Tbl_TipoPersona_idTbl_TipoPersona AS tipo, 
	(CASE WHEN Tbl_TipoPersona_idTbl_TipoPersona = 5 THEN 'Frecuente' ELSE 'No frecuente' END) AS tipo_cliente  
FROM
	tbl_persona
WHERE Tbl_TipoPersona_idTbl_TipoPersona  IN (5, 6)$$

CREATE DEFINER=`root`@`localhost` PROCEDURE `SP_ListarClientesVenta` ()  BEGIN
	
SELECT
	id_persona AS documento,
	CONCAT(nombres, ' ', apellidos) AS nombres,
	telefono,
	direccion,
    estado,
    Tbl_TipoPersona_idTbl_TipoPersona, 
	Tbl_TipoPersona_idTbl_TipoPersona AS tipo, 
	(CASE WHEN Tbl_TipoPersona_idTbl_TipoPersona = 5 THEN 'Frecuente' ELSE 'No frecuente' END) AS tipo_cliente,
	(SELECT COUNT(v.id_ventas) 
     FROM tbl_ventas v 
     WHERE v.Tbl_persona_idpersona_cliente = id_persona AND tipo_de_pago = 1 AND v.estado = 1 AND (v.estado_credito = 1 OR v.estado_credito = 2)) AS total_creditos
FROM
	tbl_persona
WHERE Tbl_TipoPersona_idTbl_TipoPersona  IN (5, 6);

END$$

CREATE DEFINER=`root`@`localhost` PROCEDURE `SP_listarCompras` ()  NO SQL
SELECT c.id_compras, 
       date_format(c.fecha_compra, '%Y-%m-%d') AS fecha_compra, 
       c.valor_total, 
       c.estado, 
       p.id_persona,
       CONCAT(p.nombres, ' ', p.apellidos) AS proveedor
FROM tbl_compras c 
JOIN tbl_persona p ON p.id_persona = c.Tbl_Persona_id_persona_proveedor 
ORDER BY id_compras DESC$$

CREATE DEFINER=`root`@`localhost` PROCEDURE `SP_ListarEmpleadoFijo` ()  NO SQL
SELECT DISTINCT p.id_persona, 
	   			p.nombres,
       			p.apellidos,
       			p.estado, 
       			t.Tbl_nombre_tipo_persona, 
       			e.fecha_pago, 
       			e.valorVentas,
       			e.valorComision,
                e.cantidad_Dias, 
                e.valor_dia 
                FROM tbl_persona p 
                JOIN tbl_pagoempleados e 
                ON p.id_persona = e.Tbl_Persona_id_persona 
                JOIN tbl_tipopersona t 
                ON p.Tbl_TipoPersona_idTbl_TipoPersona =                               t.idTbl_tipo_persona 
                WHERE e.estado = 1 AND                                   t.Tbl_nombre_tipo_persona = 'Empleado-fijo'
                GROUP BY p.id_persona$$

CREATE DEFINER=`root`@`localhost` PROCEDURE `SP_ListarPagosEmpleados` ()  NO SQL
SELECT DISTINCT p.id_persona, 
				p.tipo_documento,
	   	        p.nombres, 
       			p.apellidos,
       			p.estado, 
       			t.Tbl_nombre_tipo_persona, 
       			e.fecha_pago, 
       		    e.valorVentas,
       			e.valorComision,
                e.cantidad_Dias, 
                e.valor_dia 
                FROM tbl_persona p 
                JOIN tbl_pagoempleados e 
                ON p.id_persona = e.Tbl_Persona_id_persona 
                JOIN tbl_tipopersona t 
                ON p.Tbl_TipoPersona_idTbl_TipoPersona = 			                   t.idTbl_tipo_persona 
                WHERE e.estado = 1
                GROUP BY p.id_persona$$

CREATE DEFINER=`root`@`localhost` PROCEDURE `SP_ListarProducto` ()  NO SQL
SELECT
	id_producto AS codigo,
	nombre_producto AS nombre,
	precio_detal AS precio,
	precio_por_mayor AS precioPorMayor
FROM
	tbl_productos$$

CREATE DEFINER=`root`@`localhost` PROCEDURE `SP_ListarProveedor` ()  NO SQL
SELECT
          	p.id_persona,
          	p.nombres,
          	p.apellidos,
          	p.celular,
          	p.email,
            p.telefono,
            p.direccion,
            p.genero,
            p.estado,
          	tp.Tbl_nombre_tipo_persona
          FROM
          	tbl_persona p
          JOIN tbl_tipopersona tp ON tp.idTbl_tipo_persona = p.Tbl_TipoPersona_idTbl_TipoPersona
          WHERE p.Tbl_TipoPersona_idTbl_TipoPersona IN (3, 4)$$

CREATE DEFINER=`root`@`localhost` PROCEDURE `SP_listarProveedorJuridico` ()  NO SQL
SELECT p.id_persona, 
       CONCAT(p.nombres, ' ', p.apellidos) As nombres,
       p.estado,
       pv.empresa
FROM tbl_persona p 
JOIN tbl_tipopersona tp ON p.Tbl_TipoPersona_idTbl_TipoPersona = tp.idTbl_tipo_persona  
JOIN tbl_proveedor pv ON pv.Tbl_Persona_id_persona = p.id_persona
WHERE Tbl_TipoPersona_idTbl_TipoPersona = 4$$

CREATE DEFINER=`root`@`localhost` PROCEDURE `SP_listarProveedorNatural` ()  NO SQL
SELECT p.id_persona, 
       CONCAT(p.nombres, ' ', p.apellidos) As nombres,
       p.estado,
       tp.Tbl_nombre_tipo_persona AS Tipo_proveedor 
FROM tbl_persona p 
JOIN tbl_tipopersona tp ON p.Tbl_TipoPersona_idTbl_TipoPersona = tp.idTbl_tipo_persona  
WHERE Tbl_TipoPersona_idTbl_TipoPersona = 3$$

CREATE DEFINER=`root`@`localhost` PROCEDURE `SP_ListarUsuario` (IN `_id_usuario` VARCHAR(50))  NO SQL
SELECT
          r.nombre_rol,
          	p.nombres,
          	u.estado,
          	u.Tbl_rol_id_rol AS rol
          FROM
          	tbl_usuarios u
          JOIN tbl_rol r ON r.id_rol = u.Tbl_rol_id_rol
          JOIN tbl_persona p ON p.id_persona = u.id_usuarios
          WHERE u.id_usuarios = _id_usuario$$

CREATE DEFINER=`root`@`localhost` PROCEDURE `SP_listarVentasEmpleID` (IN `_id_persona` VARCHAR(50), IN `_fecha_inicial` DATE, IN `_fecha_final` DATE)  NO SQL
SELECT FORMAT(SUM(ven.total_venta), "Currency") as Total 
FROM tbl_ventas ven 
WHERE ven.Tbl_Persona_idpersona_empleado = _id_persona AND DATE_FORMAT(ven.fecha_venta, '%Y-%m-%d') 
BETWEEN _fecha_inicial AND
_fecha_final$$

CREATE DEFINER=`root`@`localhost` PROCEDURE `SP_Listar_categoria` ()  NO SQL
SELECT id_categoria, nombre 
FROM tbl_categoria 
order by id_categoria desc$$

CREATE DEFINER=`root`@`localhost` PROCEDURE `SP_Listar_Cliente_Creditos_Ventas` ()  NO SQL
SELECT
           	p.id_persona,
          	p.nombres,
          	p.apellidos,
            p.tipo_documento,
          	p.celular,
            p.telefono,
            p.genero,
            p.estado,
          	tp.Tbl_nombre_tipo_persona,
		    v.tipo_de_pago,
            v.estado_credito
          FROM tbl_persona p 
          JOIN tbl_tipopersona tp 
          ON tp.idTbl_tipo_persona = Tbl_TipoPersona_idTbl_TipoPersona
		  JOIN tbl_ventas v 
          ON v.Tbl_persona_idpersona_cliente = p.id_persona 
          WHERE p.Tbl_TipoPersona_idTbl_TipoPersona IN(5, 6) 
          AND v.tipo_de_pago = 1
          GROUP BY p.id_persona 
          ORDER BY v.estado_credito = 1 DESC$$

CREATE DEFINER=`root`@`localhost` PROCEDURE `SP_Listar_configuracion` ()  NO SQL
SELECT tipo_pago, tiempo_pago, Valor_dia, valor_dia_temporal, porcentaje_comision, valor_base, idTbl_Configuracion 
FROM Tbl_configuracion 
WHERE idTbl_Configuracion = 1$$

CREATE DEFINER=`root`@`localhost` PROCEDURE `SP_Listar_Configuracion2` ()  NO SQL
SELECT tipo_pago, tiempo_pago, porcentaje_comision, valor_base, idTbl_Configuracion 
FROM Tbl_configuracion
WHERE idTbl_Configuracion = 2$$

CREATE DEFINER=`root`@`localhost` PROCEDURE `SP_Listar_Configuracion3` ()  NO SQL
SELECT tipo_pago, tiempo_pago, porcentaje_comision, valor_base, idTbl_Configuracion 
FROM Tbl_configuracion 
WHERE idTbl_Configuracion = 3$$

CREATE DEFINER=`root`@`localhost` PROCEDURE `SP_Listar_Configuracion_Pagos` ()  NO SQL
SELECT idTbl_Configuracion, tipo_pago, tiempo_pago, Valor_dia, porcentaje_comision, valor_base
FROM Tbl_configuracion$$

CREATE DEFINER=`root`@`localhost` PROCEDURE `SP_Listar_Configuracion_Venta` ()  NO SQL
SELECT Valor_Subtotal_Maximo, 
       Porcentaje_Maximo_Dcto, 	
       Valor_Subtotal_Minimo,	
       Porcentaje_Minimo_Dcto
FROM tbl_configuracion_ventas$$

CREATE DEFINER=`root`@`localhost` PROCEDURE `SP_Listar_Creditos` ()  NO SQL
SELECT
	COUNT(tipo_de_pago) AS creditos
FROM
	tbl_ventas t
WHERE t.estado_credito = 1 AND t.tipo_de_pago = 1$$

CREATE DEFINER=`root`@`localhost` PROCEDURE `SP_listar_Creditos_Fecha` (IN `_fecha_inicial` DATE, IN `_fecha_final` DATE)  NO SQL
SELECT SUM(total_venta) AS total, fecha_venta
FROM tbl_ventas 
WHERE DATE_FORMAT(fecha_venta, '%Y-%m-%d') 
BETWEEN _fecha_inicial and _fecha_final AND tipo_de_pago = 1 and estado_credito = 1
ORDER BY fecha_venta DESC$$

CREATE DEFINER=`root`@`localhost` PROCEDURE `SP_Listar_emple` ()  NO SQL
SELECT
            u.id_usuarios,
          	u.nombre_usuario,
          	r.nombre_rol,
          	p.id_persona,
          	p.nombres,
          	p.apellidos,
          	p.celular,
          	p.fecha_Contrato,
          	p.email,
            p.telefono,
            p.direccion,
            p.genero,
            u.estado,
          	tp.Tbl_nombre_tipo_persona
FROM tbl_rol r 
JOIN tbl_usuarios u ON r.id_rol = u.Tbl_rol_id_rol
JOIN tbl_persona p ON p.id_persona = u.id_usuarios
JOIN tbl_tipopersona tp ON tp.idTbl_tipo_persona = p.Tbl_TipoPersona_idTbl_TipoPersona 
WHERE p.Tbl_TipoPersona_idTbl_TipoPersona = '1'$$

CREATE DEFINER=`root`@`localhost` PROCEDURE `SP_Listar_informe` ()  NO SQL
select p.id_producto,
	   p.nombre_producto ,
	   p.precio_detal ,
	   p.precio_por_mayor,
       c.nombre,
       p.cantidad,
       p.estado,
       p.precio_unitario
from tbl_productos p 
join tbl_categoria c on p.Tbl_Categoria_idcategoria = c.id_categoria WHERE p.estado = 1$$

CREATE DEFINER=`root`@`localhost` PROCEDURE `SP_Listar_PersClienteID` (IN `_id_cliente` VARCHAR(50))  NO SQL
SELECT
           	p.id_persona,
          	p.nombres,
          	p.apellidos,
            p.tipo_documento,
          	p.celular,
          	p.fecha_Contrato,
          	p.email,
            p.telefono,
            p.direccion,
            p.genero,
            p.estado,
          	tp.Tbl_nombre_tipo_persona,
            tp.idTbl_tipo_persona
FROM tbl_persona p 
JOIN  tbl_tipopersona tp ON      							tp.idTbl_tipo_persona = p.Tbl_TipoPersona_idTbl_TipoPersona
WHERE p.id_persona = _id_cliente$$

CREATE DEFINER=`root`@`localhost` PROCEDURE `SP_Listar_PersEmpleado_FijoID` (IN `_id_usuario` VARCHAR(50))  NO SQL
SELECT
            u.id_usuarios,
          	u.nombre_usuario,
          	r.nombre_rol,
          	p.id_persona,
          	p.nombres,
          	p.apellidos,
            p.tipo_documento,
          	p.celular,
          	p.fecha_Contrato,
            p.fecha_Terminacion_Contrato,
          	p.email,
            p.telefono,
            p.direccion,
            p.genero,
            p.Tbl_TipoPersona_idTbl_TipoPersona,
            u.estado,
          	tp.Tbl_nombre_tipo_persona,
            tp.idTbl_tipo_persona,
			 u.Tbl_rol_id_rol AS rol
FROM tbl_rol r JOIN tbl_usuarios u ON r.id_rol = u.Tbl_rol_id_rol
JOIN tbl_persona p ON p.id_persona = u.id_usuarios
JOIN tbl_tipopersona tp ON tp.idTbl_tipo_persona = p.Tbl_TipoPersona_idTbl_TipoPersona
WHERE u.id_usuarios = _id_usuario$$

CREATE DEFINER=`root`@`localhost` PROCEDURE `SP_listar_Personas_Clientes` ()  NO SQL
SELECT
           
          	p.id_persona,
          	p.nombres,
          	p.apellidos,
          	p.celular,
          	p.fecha_Contrato,
          	p.email,
            p.telefono,
            p.direccion,
            p.genero,
            p.estado,
          	tp.Tbl_nombre_tipo_persona,
            tp.idTbl_tipo_persona
FROM tbl_persona p 
JOIN  tbl_tipopersona tp ON tp.idTbl_tipo_persona = p.Tbl_TipoPersona_idTbl_TipoPersona
WHERE p.Tbl_TipoPersona_idTbl_TipoPersona IN(5, 6)$$

CREATE DEFINER=`root`@`localhost` PROCEDURE `SP_listar_Personas_Clientes_Reporte` ()  NO SQL
SELECT
           
          	p.id_persona,
          	p.nombres,
          	p.apellidos,
            p.tipo_documento,
          	p.celular,
          	p.fecha_Contrato,
          	p.email,
            p.telefono,
            p.direccion,
            p.genero,
            p.estado,
          	tp.Tbl_nombre_tipo_persona,
            tp.idTbl_tipo_persona
FROM tbl_persona p 
JOIN  tbl_tipopersona tp ON tp.idTbl_tipo_persona = p.Tbl_TipoPersona_idTbl_TipoPersona
WHERE p.Tbl_TipoPersona_idTbl_TipoPersona IN(5, 6) 
AND p.estado = 1$$

CREATE DEFINER=`root`@`localhost` PROCEDURE `SP_listar_Personas_emp_fijo` ()  NO SQL
SELECT
            u.id_usuarios,
          	u.nombre_usuario,
          	r.nombre_rol,
            r.id_rol,
          	p.id_persona,
          	p.nombres,
          	p.apellidos,
            p.tipo_documento,
          	p.celular,
          	p.fecha_Contrato,
            p.fecha_Terminacion_Contrato,
          	p.email,
            p.telefono,
            p.direccion,
            p.genero,
            p.Tbl_TipoPersona_idTbl_TipoPersona,
            p.estado,
            u.estado,
          	tp.Tbl_nombre_tipo_persona,
            (SELECT max(DATE_FORMAT(pag.fecha_pago, '%Y-%m-%d'))
from tbl_pagoempleados pag 
JOIN tbl_pagoempleados_has_tbl_configuracion confi ON 					pag.id_pago = confi.Tbl_PagoEmpleados_idpago 
WHERE pag.Tbl_Persona_id_persona = p.id_persona 
AND confi.Tbl_Configuracion_idTbl_Configuracion = 1 and 			pag.estado = 1 ) as Fechaulti,	
(SELECT max(pagosE.fecha_pago) 
 FROM tbl_pagoempleados  pagosE 
 JOIN tbl_pagoempleados_has_tbl_configuracion confi 
 ON pagosE.id_pago = confi.Tbl_PagoEmpleados_idpago 
 WHERE pagosE.Tbl_Persona_id_persona = p.id_persona  
 AND confi.Tbl_Configuracion_idTbl_Configuracion = 1 
 AND pagosE.fecha_pago 
 BETWEEN CONCAT(YEAR(CURDATE()),'-06-14') 
 AND CONCAT(YEAR(CURDATE()),'-06-31') 
 AND pagosE.estado = 1 AND pagosE.valor_prima <> 0)
 as fechaPPJunio
 FROM tbl_rol r 
 JOIN tbl_usuarios u 
 ON r.id_rol = u.Tbl_rol_id_rol
 JOIN tbl_persona p ON p.id_persona = u.id_usuarios
 JOIN tbl_tipopersona tp 
 ON tp.idTbl_tipo_persona = p.Tbl_TipoPersona_idTbl_TipoPersona
 WHERE p.Tbl_TipoPersona_idTbl_TipoPersona IN (1,2)$$

CREATE DEFINER=`root`@`localhost` PROCEDURE `SP_listar_Personas_emp_fijo2` ()  NO SQL
SELECT
            u.id_usuarios,
          	u.nombre_usuario,
          	r.nombre_rol,
            r.id_rol,
          	p.id_persona,
          	p.nombres,
          	p.apellidos,
            p.tipo_documento,
          	p.celular,
          	p.fecha_Contrato,
            p.fecha_Terminacion_Contrato,
          	p.email,
            p.telefono,
            p.direccion,
            p.genero,
            p.Tbl_TipoPersona_idTbl_TipoPersona,
            p.estado,
            u.estado,
          	tp.Tbl_nombre_tipo_persona
 FROM tbl_rol r 
 JOIN tbl_usuarios u 
 ON r.id_rol = u.Tbl_rol_id_rol
 JOIN tbl_persona p ON p.id_persona = u.id_usuarios
 JOIN tbl_tipopersona tp 
 ON tp.idTbl_tipo_persona = p.Tbl_TipoPersona_idTbl_TipoPersona
 WHERE p.Tbl_TipoPersona_idTbl_TipoPersona IN (1,2) AND u.estado = 1$$

CREATE DEFINER=`root`@`localhost` PROCEDURE `SP_Listar_Prestamos` (IN `_fecha_inicial` DATE, IN `_fecha_final` DATE)  NO SQL
BEGIN

SET lc_time_names = 'es_CO';

SELECT DISTINCT 
                p.id_persona, 
                p.nombres, 
                p.apellidos, 
                tp.Tbl_nombre_tipo_persona, 
                pre.estado_prestamo 
FROM tbl_persona p 
JOIN tbl_prestamos pre on p.id_persona = pre.Tbl_Persona_id_persona
JOIN tbl_tipopersona tp ON tp.idTbl_tipo_persona = p.Tbl_TipoPersona_idTbl_TipoPersona 
WHERE DATE_FORMAT(pre.fecha_prestamo, '%Y-%m-%d')
BETWEEN _fecha_inicial and _fecha_final AND pre.estado_prestamo = 1 OR pre.estado_prestamo = 3;
END$$

CREATE DEFINER=`root`@`localhost` PROCEDURE `SP_Listar_Prestamos2` ()  NO SQL
SELECT DISTINCT 
                p.id_persona, 
                p.tipo_documento,
                p.nombres, 
                p.apellidos, 
                tp.Tbl_nombre_tipo_persona, 
                pre.estado_prestamo 
FROM tbl_persona p 
JOIN tbl_prestamos pre on p.id_persona = pre.Tbl_Persona_id_persona
JOIN tbl_tipopersona tp ON tp.idTbl_tipo_persona = p.Tbl_TipoPersona_idTbl_TipoPersona 
WHERE pre.estado_prestamo = 1 OR pre.estado_prestamo = 3
GROUP BY p.id_persona$$

CREATE DEFINER=`root`@`localhost` PROCEDURE `SP_Listar_Prestamos_Pendientes` ()  NO SQL
SELECT
	COUNT(*) AS prestamos
FROM
	tbl_prestamos t
WHERE t.estado_prestamo = 1$$

CREATE DEFINER=`root`@`localhost` PROCEDURE `SP_listar_producto` ()  NO SQL
SELECT  p.id_producto,  
        p.nombre_producto, 
        p.estado,
        p.precio_detal, 
        p.precio_por_mayor, 
        p.precio_unitario,    
        p.Tbl_Categoria_idcategoria, 
        p.tamano,
        c.nombre,
        p.cantidad,
        p.stock_minimo 
FROM tbl_productos p 
join tbl_categoria c on p.Tbl_Categoria_idcategoria = c.id_categoria
ORDER BY p.id_producto ASC$$

CREATE DEFINER=`root`@`localhost` PROCEDURE `SP_listar_proveedor` ()  NO SQL
SELECT
           	p.id_persona,
          	p.nombres,
          	p.apellidos,
          	p.celular,
          	p.email,
            p.telefono,
            p.direccion,
            p.genero,
            p.estado,
          	tp.Tbl_nombre_tipo_persona
FROM tbl_persona p
JOIN tbl_tipopersona tp ON tp.idTbl_tipo_persona = 					p.Tbl_TipoPersona_idTbl_TipoPersona
WHERE p.Tbl_TipoPersona_idTbl_TipoPersona IN (3, 4)$$

CREATE DEFINER=`root`@`localhost` PROCEDURE `SP_Listar_Proveedores_ID` (IN `_id_proveedor` VARCHAR(50))  NO SQL
SELECT			
			p.id_persona,
            p.tipo_documento,
          	p.nombres,
          	p.apellidos,
          	p.celular,
          	p.email,
            p.telefono,
            p.direccion,
            p.genero,
            p.estado,
            p.Tbl_TipoPersona_idTbl_TipoPersona,
           	tp.Tbl_nombre_tipo_persona
FROM tbl_persona p 
JOIN tbl_tipopersona tp ON tp.idTbl_tipo_persona = p.Tbl_TipoPersona_idTbl_TipoPersona
WHERE  p.id_persona  = _id_proveedor 
AND p.Tbl_TipoPersona_idTbl_TipoPersona IN (3,4)$$

CREATE DEFINER=`root`@`localhost` PROCEDURE `SP_Listar_Proveedor_Jur_ID` (IN `_id_proveedor` VARCHAR(50))  NO SQL
SELECT			
			p.id_persona,
          	p.nombres,
          	p.apellidos,
          	p.celular,
          	p.email,
            p.telefono,
            p.direccion,
            p.genero,
            p.estado,
           	tp.Tbl_nombre_tipo_persona,
            prov.nit,
			prov.empresa,
			prov.telefono_empresa
FROM tbl_proveedor prov
JOIN tbl_persona p ON prov.Tbl_Persona_id_persona = p.id_persona
JOIN tbl_tipopersona tp ON tp.idTbl_tipo_persona = p.Tbl_TipoPersona_idTbl_TipoPersona
WHERE  p.id_persona  = _id_proveedor 
AND p.Tbl_TipoPersona_idTbl_TipoPersona = 4$$

CREATE DEFINER=`root`@`localhost` PROCEDURE `SP_listar_proveedor_reporte` ()  NO SQL
BEGIN

SET lc_time_names = 'es_CO';

SELECT
           	p.id_persona,
          	p.nombres,
          	p.apellidos,
            p.tipo_documento,
          	p.celular,
          	p.email,
            p.telefono,
            p.direccion,
            p.genero,
            p.estado,
          	tp.Tbl_nombre_tipo_persona
FROM tbl_persona p
JOIN tbl_tipopersona tp ON tp.idTbl_tipo_persona = 					p.Tbl_TipoPersona_idTbl_TipoPersona
WHERE p.Tbl_TipoPersona_idTbl_TipoPersona IN (3, 4) 
AND p.estado = 1;
END$$

CREATE DEFINER=`root`@`localhost` PROCEDURE `SP_listar_rol` ()  NO SQL
SELECT id_rol, nombre_rol 
FROM tbl_rol 
WHERE id_rol <> 3$$

CREATE DEFINER=`root`@`localhost` PROCEDURE `SP_Listar_Roles` ()  NO SQL
SELECT * FROM tbl_rol 
WHERE id_rol <> 3$$

CREATE DEFINER=`root`@`localhost` PROCEDURE `SP_Listar_stockMinimo` ()  NO SQL
SELECT 	  p.id_producto, 
          p.nombre_producto, 
          p.estado,
          p.precio_detal, 
          p.precio_por_mayor, 
          p.precio_unitario, 
          p.Tbl_Categoria_idcategoria, 
          p.tamano, 
          c.nombre, 
          p.cantidad, 
          P.stock_minimo 
FROM tbl_productos p 
join tbl_categoria c on p.Tbl_Categoria_idcategoria = c.id_categoria WHERE p.stock_minimo >= p.cantidad 
AND p.estado = 1$$

CREATE DEFINER=`root`@`localhost` PROCEDURE `SP_Listar_TipoPersona_Proveedores` ()  NO SQL
SELECT idTbl_tipo_persona, Tbl_nombre_tipo_persona 
FROM tbl_tipopersona 
WHERE idTbl_tipo_persona IN (3, 4)$$

CREATE DEFINER=`root`@`localhost` PROCEDURE `SP_Listar_TipoPersona_Vendedor` ()  NO SQL
SELECT idTbl_tipo_persona, Tbl_nombre_tipo_persona 
FROM tbl_tipopersona 	
WHERE idTbl_tipo_persona IN (5, 6)$$

CREATE DEFINER=`root`@`localhost` PROCEDURE `SP_Listar_Tipo_Clientes` ()  NO SQL
SELECT idTbl_tipo_persona, Tbl_nombre_tipo_persona 
FROM tbl_tipopersona 
WHERE idTbl_tipo_persona IN(5,6)$$

CREATE DEFINER=`root`@`localhost` PROCEDURE `SP_Listar_tipo_persona` ()  NO SQL
SELECT idTbl_tipo_persona, Tbl_nombre_tipo_persona 
FROM tbl_tipopersona$$

CREATE DEFINER=`root`@`localhost` PROCEDURE `SP_Listar_tipo_persona_Clientes` ()  NO SQL
SELECT idTbl_tipo_persona, Tbl_nombre_tipo_persona 
FROM tbl_tipopersona
WHERE idTbl_tipo_persona IN(5,6)$$

CREATE DEFINER=`root`@`localhost` PROCEDURE `SP_Listar_tipo_persona_Empleados` ()  NO SQL
SELECT idTbl_tipo_persona, 	Tbl_nombre_tipo_persona 
FROM tbl_tipopersona 
WHERE idTbl_tipo_persona IN (1, 2)$$

CREATE DEFINER=`root`@`localhost` PROCEDURE `SP_Listar_tipo_persona_proveedores` ()  NO SQL
SELECT idTbl_tipo_persona, Tbl_nombre_tipo_persona 
FROM tbl_tipopersona 
WHERE idTbl_tipo_persona IN (3, 4)$$

CREATE DEFINER=`root`@`localhost` PROCEDURE `SP_listar_usuarios` ()  NO SQL
SELECT id_usuarios, nombre_usuario, clave AS Clave, estado, Tbl_rol_id_rol 
FROM tbl_usuarios$$

CREATE DEFINER=`root`@`localhost` PROCEDURE `SP_Listar_Ventas` ()  NO SQL
SELECT v.id_ventas, 
       v.total_venta, 
       date_format(v.fecha_venta, '%Y-%m-%d') AS fecha_venta, 
       v.Tbl_persona_idpersona_cliente, 
       v.tipo_de_pago, 
       v.estado, 
       p.tipo_documento,
       CONCAT(p.nombres, ' ', p.apellidos) AS cliente  
FROM tbl_ventas v 
JOIN tbl_persona p ON p.id_persona = v.Tbl_persona_idpersona_cliente WHERE p.Tbl_TipoPersona_idTbl_TipoPersona IN (5,6)  
ORDER BY id_ventas DESC$$

CREATE DEFINER=`root`@`localhost` PROCEDURE `SP_Menu` (IN `_rol` INT)  NO SQL
SELECT
            	*
            FROM
            	tbl_menu t
            	LEFT JOIN tbl_rol_menu t2 ON t2.id_menu = t.id_menu
            WHERE t2.id_rol = _rol
            ORDER BY
            	COALESCE (t.padre_id, t.id_menu),
            	t.padre_id IS NULL, t2.id_menu ASC$$

CREATE DEFINER=`root`@`localhost` PROCEDURE `SP_ModificarConfiguracionVentas` (IN `_ValSubtotal_Minimo` DOUBLE, IN `_Porcentaje_MinimoD` INT, IN `_ValSubtotal_Maximo` DOUBLE, IN `_Porcentaje_Maximo` INT)  NO SQL
UPDATE tbl_configuracion_ventas 
SET Valor_Subtotal_Minimo = _ValSubtotal_Minimo, Porcentaje_Minimo_Dcto	= _Porcentaje_MinimoD, Valor_Subtotal_Maximo = _ValSubtotal_Maximo, Porcentaje_Maximo_Dcto = _Porcentaje_Maximo$$

CREATE DEFINER=`root`@`localhost` PROCEDURE `SP_ModificarEstadoPrestamoAbonoCero` (IN `_id_prest` INT)  NO SQL
UPDATE tbl_prestamos pre 
SET pre.estado_prestamo = 0 
WHERE pre.id_prestamos = _id_prest$$

CREATE DEFINER=`root`@`localhost` PROCEDURE `SP_modificarFechadeliquidacion` (IN `id_per` VARCHAR(50), IN `fecha` DATE)  NO SQL
UPDATE tbl_persona p 
SET p.fecha_Terminacion_Contrato = fecha 
WHERE p.id_persona = id_per$$

CREATE DEFINER=`root`@`localhost` PROCEDURE `SP_modificarPrestamo` (IN `fecha_limite` DATE, IN `id_prestamos` INT)  NO SQL
UPDATE tbl_prestamos pre 
SET pre.fecha_limite = fecha_limite 
WHERE pre.id_prestamos = id_prestamos$$

CREATE DEFINER=`root`@`localhost` PROCEDURE `SP_Modificar_categoria` (IN `_id_categoria` INT, IN `_nombre` VARCHAR(50))  NO SQL
UPDATE tbl_categoria 
SET nombre = _nombre 
WHERE id_categoria = _id_categoria$$

CREATE DEFINER=`root`@`localhost` PROCEDURE `SP_modificar_clave` (IN `_id_usuario` VARCHAR(50), IN `_clave` VARCHAR(200))  NO SQL
UPDATE tbl_usuarios 
SET clave = _clave 
WHERE id_usuarios = _id_usuario$$

CREATE DEFINER=`root`@`localhost` PROCEDURE `SP_Modificar_Configuracion` (IN `_tiempo_pago` VARCHAR(50), IN `_valor_dia` DOUBLE, IN `_valor_dia_temporal` DOUBLE, IN `_porcentage` DOUBLE, IN `_valor_base` DOUBLE)  NO SQL
UPDATE tbl_configuracion 
SET tiempo_pago = _tiempo_pago, Valor_dia = _valor_dia, valor_dia_temporal = _valor_dia_temporal, porcentaje_comision = _porcentage, valor_base = _valor_base 
WHERE idTbl_Configuracion = 1$$

CREATE DEFINER=`root`@`localhost` PROCEDURE `SP_modificar_persona` (IN `_nombres` VARCHAR(50), IN `_apellidos` VARCHAR(50), IN `_celular` VARCHAR(20), IN `_email` VARCHAR(50), IN `_telefono` VARCHAR(50), IN `_direccion` VARCHAR(50), IN `_fecha_contrato` DATE, IN `_genero` VARCHAR(30), IN `_tipoPersona` INT(11), IN `_fecha_terminacion` DATE, IN `_id_persona` VARCHAR(50))  NO SQL
UPDATE tbl_persona 
SET nombres = _nombres, 
apellidos= _apellidos, 
celular= _celular, 
email= _email, 
telefono= _telefono, 
direccion= _direccion, 
fecha_Contrato = _fecha_contrato, 
genero = _genero, 
Tbl_TipoPersona_idTbl_TipoPersona = _tipoPersona, fecha_Terminacion_Contrato = DATE_ADD(_fecha_terminacion, INTERVAL 12 MONTH) 
WHERE id_persona = _id_persona$$

CREATE DEFINER=`root`@`localhost` PROCEDURE `SP_Modificar_Precios` (IN `_precio_unitario` DOUBLE, IN `_precio_detal` DOUBLE, IN `_precio_por_mayor` DOUBLE, IN `_id_producto` INT)  NO SQL
UPDATE tbl_productos 
SET precio_unitario = _precio_unitario, precio_detal = _precio_detal, precio_por_mayor = _precio_por_mayor 
WHERE id_producto = _id_producto$$

CREATE DEFINER=`root`@`localhost` PROCEDURE `SP_Modificar_producto` (IN `_id_producto` INT, IN `_nombre_producto` VARCHAR(50), IN `_precio_detal` DOUBLE, IN `_precio_por_mayor` DOUBLE, IN `_precio_unitario` DOUBLE, IN `_Tbl_Categoria_idcategoria` INT, IN `_tamano` VARCHAR(100), IN `_stock` INT)  NO SQL
UPDATE tbl_productos 
SET nombre_producto = _nombre_producto, 
    precio_detal = _precio_detal, 
    precio_por_mayor = _precio_por_mayor, 
    precio_unitario = _precio_unitario, 
    Tbl_Categoria_idcategoria = _Tbl_Categoria_idcategoria,  
    tamano = _tamano, 
    stock_minimo = _stock 
WHERE id_producto = _id_producto$$

CREATE DEFINER=`root`@`localhost` PROCEDURE `SP_Modificar_Proveedor` (IN `_nit` VARCHAR(50), IN `_empresa` VARCHAR(50), IN `_telefono` VARCHAR(50), IN `_id_persona` VARCHAR(50))  NO SQL
UPDATE tbl_proveedor 
SET nit = _nit, empresa = _empresa,  telefono_empresa = _telefono 
WHERE Tbl_Persona_id_persona = _id_persona$$

CREATE DEFINER=`root`@`localhost` PROCEDURE `SP_Modificar_Usuarios` (IN `_nombre_usuario` VARCHAR(50), IN `_id_rol` INT, IN `_id_usuario` VARCHAR(50))  NO SQL
UPDATE tbl_usuarios 
SET nombre_usuario = _nombre_usuario, Tbl_rol_id_rol = _id_rol 
WHERE id_usuarios = _id_usuario$$

CREATE DEFINER=`root`@`localhost` PROCEDURE `SP_Modificar_Valor_Base` (IN `_valor_base` DOUBLE)  NO SQL
UPDATE tbl_configuracion 
SET valor_base = _valor_base 
WHERE idTbl_Configuracion 
BETWEEN 1 AND 3$$

CREATE DEFINER=`root`@`localhost` PROCEDURE `SP_NombreEmpleado` (IN `_id_persona` VARCHAR(50))  NO SQL
SELECT CONCAT(nombres, ' ', apellidos) AS empleado, id_persona
FROM tbl_persona
WHERE id_persona = _id_persona$$

CREATE DEFINER=`root`@`localhost` PROCEDURE `SP_Notificacion_Creditos` ()  NO SQL
SELECT v.*, 
       NOW() AS fecha_actual, 
       p.*, tp.Tbl_nombre_tipo_persona
FROM tbl_tipopersona tp 
JOIN tbl_persona p ON tp.idTbl_tipo_persona = p.Tbl_TipoPersona_idTbl_TipoPersona 
JOIN tbl_ventas v ON v.Tbl_persona_idpersona_cliente = p.id_persona
WHERE DATE_SUB(fecha_limite_credito,INTERVAL 5 DAY) <= CURDATE() 
AND tipo_de_pago = 1 AND estado_credito = 1$$

CREATE DEFINER=`root`@`localhost` PROCEDURE `SP_Notificacion_Prestamos` ()  NO SQL
SELECT *, 
       NOW() AS fecha_actual 
       FROM tbl_prestamos 
       WHERE DATE_SUB(fecha_limite,INTERVAL 5 DAY) <= NOW() 
       AND estado_prestamo IN(1,3)$$

CREATE DEFINER=`root`@`localhost` PROCEDURE `SP_Notificacion_Prestamos_a_Vencer` ()  NO SQL
SELECT DISTINCT pre.*, 
       NOW() AS fecha_actual, 
       p.*, tp.Tbl_nombre_tipo_persona
FROM tbl_tipopersona tp 
JOIN tbl_persona p ON tp.idTbl_tipo_persona = p.Tbl_TipoPersona_idTbl_TipoPersona 
JOIN tbl_prestamos pre ON pre.Tbl_Persona_id_persona = p.id_persona
WHERE DATE_SUB(fecha_limite,INTERVAL 5 DAY) <= CURDATE() 
AND pre.estado_prestamo = 1$$

CREATE DEFINER=`root`@`localhost` PROCEDURE `SP_Notificacion_Stock_Minimo` ()  NO SQL
SELECT * 
FROM tbl_productos 
WHERE cantidad <= stock_minimo$$

CREATE DEFINER=`root`@`localhost` PROCEDURE `SP_Paginas` (IN `_id_rol` INT, IN `_url` VARCHAR(50))  NO SQL
SELECT p.url 
FROM tbl_pagina_rol t 
JOIN tbl_paginas p ON p.codigo_paginas = t.Tbl_Paginas_codigo_paginas
WHERE Tbl_rol_id_rol = _id_rol 
AND p.url = _url 
AND t.estado = 1$$

CREATE DEFINER=`root`@`localhost` PROCEDURE `SP_Pdf_DetallesCompra` (IN `_id_compra` INT)  NO SQL
SELECT cp.id_detalle,
	   cp.cantidad,
       p.id_producto,
       p.nombre_producto,
       p.precio_unitario,
       (p.precio_unitario * cp.cantidad) AS total, 
       c.fecha_compra,
       c.valor_total,
       c.id_compras,
       c.estado,
       CONCAT(pro.nombres, ' ', pro.apellidos) AS proveedor
FROM tbl_compras_has_tbl_productos AS cp 
JOIn tbl_productos AS p ON p.id_producto = cp.Tbl_Productos_id_productos 
JOIN tbl_compras c ON c.id_compras = cp.Tbl_Compras_idcompras 
JOIN tbl_persona pro ON pro.id_persona = c.Tbl_Persona_id_persona_proveedor
WHERE Tbl_Compras_idcompras = _id_compra 
GROUP BY pro.id_persona$$

CREATE DEFINER=`root`@`localhost` PROCEDURE `SP_Pdf_Detalles_Abono` (IN `_id` INT)  NO SQL
SELECT p.id_persona, 
	   p.tipo_documento,
       CONCAT(p.nombres, ' ', p.apellidos) AS cliente, 
       (SELECT valor_abono 
        FROM tbl_abono_ventas abv 
        WHERE v.id_ventas = abv.Tbl_Ventas_idventas 
        and abv.idabono = MAX(a.idabono)) as valor_abono,
       MAX(a.idabono) AS idabono,
       DATE_FORMAT(a.fechaAbono, '%Y/%m/%d') AS fechaAbono,
       a.saldo_abono, 
       DATE_FORMAT(v.fecha_limite_credito, '%Y/%m/%d') AS                        fecha_limite_credito,
       (v.total_venta - a.saldo_abono) AS pendiente,
       fn_total_abonos(v.id_ventas) AS total_abonado, 
       v.total_venta
FROM tbl_persona p 
JOIN tbl_ventas v ON v.Tbl_persona_idpersona_cliente = p.id_persona 
JOIN tbl_abono_ventas a ON a.Tbl_Ventas_idventas = v.id_ventas 
WHERE a.idabono = _id
GROUP BY a.idabono$$

CREATE DEFINER=`root`@`localhost` PROCEDURE `SP_Pdf_Detalles_Abono2` (IN `_id` INT)  NO SQL
SELECT p.id_persona, 
	   p.tipo_documento,
       CONCAT(p.nombres, ' ', p.apellidos) AS cliente, 
       (SELECT valor_abono 
        FROM tbl_abono_ventas abv 
        WHERE v.id_ventas = abv.Tbl_Ventas_idventas 
        and abv.idabono = MAX(a.idabono)) as valor_abono,
       MAX(a.idabono) AS idabono,
       DATE_FORMAT(a.fechaAbono, '%Y/%m/%d') AS fechaAbono,
       a.saldo_abono, 
       DATE_FORMAT(v.fecha_limite_credito, '%Y/%m/%d') AS                        fecha_limite_credito,
       (v.total_venta - sum(a.valor_abono)) AS pendiente,
       fn_total_abonos(v.id_ventas) AS total_abonado, 
       v.total_venta
FROM tbl_persona p 
JOIN tbl_ventas v ON v.Tbl_persona_idpersona_cliente = p.id_persona 
JOIN tbl_abono_ventas a ON a.Tbl_Ventas_idventas = v.id_ventas 
WHERE v.id_ventas = _id AND a.estado_abono = 1
GROUP BY v.id_ventas$$

CREATE DEFINER=`root`@`localhost` PROCEDURE `SP_Pdf_Detalles_Abono_Prestamo` (IN `_id` INT)  NO SQL
SELECT
	p.id_persona,
    p.tipo_documento,
	CONCAT(p.nombres, ' ', p.apellidos) AS empleado,
	pre.fecha_prestamo,
	pre.valor_prestamo,
	pre.estado_prestamo,
	pre.id_prestamos,
	pre.fecha_limite,
	pre.descripcion,
	ap.idTbl_Abono_Prestamo,
	DATE_FORMAT(ap.fecha_abono, '%Y/%m/%d') AS fecha_abono,
	(
		SELECT
			valor
		FROM
			tbl_abono_prestamo abp
		WHERE
			pre.id_prestamos and abp.idTbl_Abono_Prestamo = MAX(ap.idTbl_Abono_Prestamo)
	) AS valor,
	SUM(ap.valor) AS abonado,
	(pre.valor_prestamo -  SUM(ap.valor)) AS pendiente,
	ap.estado_abono
FROM
	tbl_persona p
JOIN tbl_prestamos pre ON pre.Tbl_Persona_id_persona = p.id_persona
JOIN tbl_abono_prestamo ap ON ap.Tbl_Prestamos_idprestamos = pre.id_prestamos
WHERE
	ap.Tbl_Prestamos_idprestamos = _id AND ap.estado_abono = 1
GROUP BY
	ap.Tbl_Prestamos_idprestamos$$

CREATE DEFINER=`root`@`localhost` PROCEDURE `SP_Pdf_Detalles_Venta` (IN `_id_venta` INT)  NO SQL
SELECT
          	dv.id_detalle_venta,
          	dv.cantidad,
          	p.id_producto,
          	p.nombre_producto,
          	p.precio_unitario,
            p.precio_por_mayor,
            p.precio_detal,
          	(p.precio_detal * dv.cantidad) AS total,
            CONCAT(per.nombres, ' ', per.apellidos) AS cliente,
            per.id_persona,
            per.tipo_documento,
            v.id_ventas,
            DATE_FORMAT(v.fecha_venta, '%Y/%m/%d') AS fecha_venta,
            v.descuento,
            v.subtotal_venta,
            v.tipo_de_pago,
            v.total_venta
FROM tbl_persona per 
JOIN tbl_ventas v ON v.Tbl_persona_idpersona_cliente = per.id_persona JOIN tbl_productos_has_tbl_ventas dv ON dv.Tbl_Ventas_id_ventas = v.id_ventas 
JOIN tbl_productos p ON p.id_producto = dv.Tbl_Productos_id_productos WHERE dv.Tbl_Ventas_id_ventas = _id_venta 
GROUP BY per.id_persona$$

CREATE DEFINER=`root`@`localhost` PROCEDURE `SP_RegistrarAbonoPrestamo` (IN `valor` DOUBLE, IN `estado` INT, IN `Tbl_Prestamos_idprestamos` INT)  NO SQL
INSERT INTO tbl_abono_prestamo 
VALUES(null, null, valor, estado, Tbl_Prestamos_idprestamos)$$

CREATE DEFINER=`root`@`localhost` PROCEDURE `SP_RegistrarDetallePagoConfiguracion` (IN `id_pago` INT, IN `idTbl_Configuracion` INT, IN `valor_total` INT)  NO SQL
INSERT INTO tbl_pagoempleados_has_tbl_configuracion VALUES(id_pago,idTbl_Configuracion,valor_total)$$

CREATE DEFINER=`root`@`localhost` PROCEDURE `SP_RegistrarDetallePagoConfiTemp` (IN `id_pago` INT, IN `idTbl_Configuracion` INT, IN `valorTotal` DOUBLE)  NO SQL
INSERT INTO tbl_pagoempleados_has_tbl_configuracion VALUES(id_pago,idTbl_Configuracion,valorTotal)$$

CREATE DEFINER=`root`@`localhost` PROCEDURE `SP_registrarPagoEmpleadoFijo` (IN `num_docu` VARCHAR(50), IN `valor_ventas` DOUBLE, IN `valor_comision` DOUBLE, IN `cantidad_dias` INT, IN `valor_prima` INT, IN `valor_cesantias` INT, IN `valor_vacaciones` INT, IN `estado` INT)  NO SQL
INSERT INTO tbl_pagoempleados 
VALUES (null,null, num_docu, valor_ventas ,valor_comision, cantidad_dias,null,valor_prima, valor_cesantias, valor_vacaciones, estado)$$

CREATE DEFINER=`root`@`localhost` PROCEDURE `SP_registrarPagoEmpleadoTemporal` (IN `num_docu` VARCHAR(50), IN `canti_dias` INT, IN `valor_dia` DOUBLE, IN `estado` INT)  NO SQL
INSERT INTO tbl_pagoempleados 
VALUES (null,null, num_docu, null, null, canti_dias, valor_dia, null, null, null, estado)$$

CREATE DEFINER=`root`@`localhost` PROCEDURE `SP_RegistrarPrestamo` (IN `estado_prestamo` INT, IN `valor_prestamo` DOUBLE, IN `fecha_prestamo` DATE, IN `fecha_limite` DATE, IN `descripcion` VARCHAR(100), IN `Tbl_Persona_id_persona` VARCHAR(50))  NO SQL
INSERT INTO tbl_prestamos 
VALUES (null,estado_prestamo, valor_prestamo, fecha_prestamo, fecha_limite, descripcion, Tbl_Persona_id_persona)$$

CREATE DEFINER=`root`@`localhost` PROCEDURE `SP_Registrar_Categoria` (IN `_nombre` VARCHAR(50))  NO SQL
INSERT INTO tbl_categoria (nombre) 
VALUES(_nombre)$$

CREATE DEFINER=`root`@`localhost` PROCEDURE `SP_Registrar_producto` (IN `_nombre_producto` VARCHAR(50), IN `_precio_detal` DOUBLE, IN `_precio_por_mayor` DOUBLE, IN `_precio_unitario` DOUBLE, IN `_Tbl_Categoria_idcategoria` INT, IN `_tamano` VARCHAR(100), IN `_stock` INT)  NO SQL
INSERT INTO tbl_productos(nombre_producto,precio_detal,precio_por_mayor,precio_unitario,Tbl_Categoria_idcategoria,tamano, stock_minimo) 
VALUES (_nombre_producto,_precio_detal,_precio_por_mayor,_precio_unitario,_Tbl_Categoria_idcategoria,_tamano, _stock)$$

CREATE DEFINER=`root`@`localhost` PROCEDURE `SP_Registrar_Proveedor` (IN `_nit` VARCHAR(50), IN `_empresa` VARCHAR(50), IN `_telefono` VARCHAR(50), IN `_id_persona` VARCHAR(50))  NO SQL
INSERT INTO tbl_proveedor(nit, empresa, telefono_empresa, Tbl_Persona_id_persona) 
VALUES(_nit, _empresa, _telefono, _id_persona)$$

CREATE DEFINER=`root`@`localhost` PROCEDURE `SP_Reporte_Creditos` ()  NO SQL
SELECT DISTINCT
           	p.id_persona,
            p.tipo_documento,
          	CONCAT(p.nombres, ' ', p.apellidos) AS cliente,
          	tp.Tbl_nombre_tipo_persona,
		    v.tipo_de_pago,
            v.total_venta,
            v.fecha_limite_credito,
            v.estado_credito
           FROM tbl_persona p 
          JOIN tbl_tipopersona tp 
          ON tp.idTbl_tipo_persona = Tbl_TipoPersona_idTbl_TipoPersona
		  JOIN tbl_ventas v 
          ON v.Tbl_persona_idpersona_cliente = p.id_persona 
          JOIN tbl_abono_ventas av
		  WHERE p.Tbl_TipoPersona_idTbl_TipoPersona IN(5, 6) 
          AND V.tipo_de_pago = 1 AND v.estado = 1 AND av.estado_abono           = 1 AND v.estado_credito = 1 
          GROUP BY p.id_persona$$

CREATE DEFINER=`root`@`localhost` PROCEDURE `SP_Reporte_Ganancias` (IN `_fecha_inicial` DATE, IN `_fecha_final` DATE)  NO SQL
SELECT ((SUM(precio_venta * cantidad)) - (SUM(cantidad * precio_unitario_actual)) - SUM(v.descuento)) AS ganancias 
FROM tbl_productos_has_tbl_ventas dv 
JOIN tbl_ventas v ON v.id_ventas = dv.Tbl_Ventas_id_ventas  
WHERE DATE_FORMAT(v.fecha_venta, '%Y-%m-%d') 
BETWEEN DATE_FORMAT(_fecha_inicial, '%Y-%m-%d') 
AND DATE_FORMAT(_fecha_final, '%Y-%m-%d') 
AND v.estado = 1$$

CREATE DEFINER=`root`@`localhost` PROCEDURE `SP_sumarValorAbonoPrestamo` (IN `_id_Prestamo` INT)  NO SQL
SELECT sum(valor) as Total 
from tbl_abono_prestamo 
WHERE Tbl_Prestamos_idprestamos = _id_Prestamo$$

CREATE DEFINER=`root`@`localhost` PROCEDURE `SP_Total_Compras_Fecha` (IN `_fecha_inicial` DATE, IN `_fecha_final` DATE)  NO SQL
SELECT SUM(valor_total) AS total, fecha_compra 
FROM tbl_compras 
WHERE DATE_FORMAT(fecha_compra, '%Y-%m-%d') 
BETWEEN _fecha_inicial and _fecha_final AND estado = 1 
ORDER BY fecha_compra DESC$$

CREATE DEFINER=`root`@`localhost` PROCEDURE `SP_Total_Prestamos_Fecha` (IN `_fecha_inicial` DATE, IN `_fecha_final` DATE)  NO SQL
SELECT SUM(valor_prestamo) AS total, fecha_prestamo 
FROM tbl_prestamos 
WHERE DATE_FORMAT(fecha_prestamo, '%Y-%m-%d') 
BETWEEN _fecha_inicial and _fecha_final AND estado_prestamo = 1
ORDER BY fecha_prestamo DESC$$

CREATE DEFINER=`root`@`localhost` PROCEDURE `SP_Total_Ventas_Por_Fecha` (IN `_fecha_inicial` DATE, IN `_fecha_final` DATE)  NO SQL
SELECT SUM(total_venta) AS total, fecha_venta 
FROM tbl_ventas 
WHERE DATE_FORMAT(fecha_venta, '%Y-%m-%d') 
BETWEEN _fecha_inicial and _fecha_final AND estado = 1 
ORDER BY fecha_venta DESC$$

CREATE DEFINER=`root`@`localhost` PROCEDURE `SP_traerAbonosPorPrestamos` (IN `_id_prestamos` INT)  NO SQL
SELECT abono.estado_abono, SUM(abono.valor) as TotalAbono 
FROM tbl_abono_prestamo abono 
WHERE abono.Tbl_Prestamos_idprestamos = _id_prestamos 
AND abono.estado_abono = 0$$

CREATE DEFINER=`root`@`localhost` PROCEDURE `SP_traerinfoCreditos` (IN `_id_venta` INT)  NO SQL
SELECT fecha_limite_credito, id_ventas 
FROM tbl_ventas 
WHERE id_ventas = _id_venta$$

CREATE DEFINER=`root`@`localhost` PROCEDURE `SP_traerinfoprestamo` (IN `id_prestamos` INT)  NO SQL
SELECT pre.fecha_limite, pre.valor_prestamo, pre.id_prestamos 
from tbl_prestamos pre
WHERE pre.id_prestamos = id_prestamos$$

CREATE DEFINER=`root`@`localhost` PROCEDURE `SP_Traer_idcategoria` (IN `_id_categoria` INT)  NO SQL
SELECT id_categoria, nombre 
FROM tbl_categoria 
WHERE id_categoria = _id_categoria$$

CREATE DEFINER=`root`@`localhost` PROCEDURE `SP_Traer_idproducto` (IN `_id_producto` INT)  NO SQL
SELECT id_producto, nombre_producto, precio_detal, precio_por_mayor, precio_unitario, Tbl_Categoria_idcategoria,tamano, stock_minimo FROM tbl_productos 
WHERE id_producto = _id_producto$$

CREATE DEFINER=`root`@`localhost` PROCEDURE `SP_Traer_Producto_Modificado` (IN `_id` INT)  NO SQL
SELECT DISTINCT p.id_producto, p.nombre_producto, p.precio_detal, p.precio_por_mayor, p.precio_unitario 
FROM tbl_productos p
WHERE p.id_producto = _id$$

CREATE DEFINER=`root`@`localhost` PROCEDURE `SP_Traer_Ultimo_Producto` ()  NO SQL
SELECT id_producto, nombre_producto, precio_detal, precio_por_mayor, precio_unitario
FROM tbl_productos
WHERE id_producto = (SELECT max(id_producto) FROM tbl_productos)$$

CREATE DEFINER=`root`@`localhost` PROCEDURE `SP_UltimaBaja` ()  NO SQL
SELECT MAX(id_bajas) ultimo_id 
FROM tbl_bajas$$

CREATE DEFINER=`root`@`localhost` PROCEDURE `SP_UltimaCompra` ()  NO SQL
SELECT MAX(id_compras) AS ultima 
FROM tbl_compras$$

CREATE DEFINER=`root`@`localhost` PROCEDURE `SP_UltimaVenta` ()  NO SQL
SELECT MAX(id_ventas) AS ultima 
FROM tbl_ventas$$

CREATE DEFINER=`root`@`localhost` PROCEDURE `SP_Ultima_Persona` ()  NO SQL
SELECT MAX(id_persona) AS ultimo 
FROM tbl_persona$$

CREATE DEFINER=`root`@`localhost` PROCEDURE `SP_Ultimo_abono_prestamo` (IN `_id` INT)  NO SQL
SELECT max(idTbl_Abono_Prestamo) as ultimo_id 
FROM tbl_abono_prestamo 
WHERE Tbl_Prestamos_idprestamos = _id$$

CREATE DEFINER=`root`@`localhost` PROCEDURE `SP_Ultimo_Abono_Prestamo_Recibo` (IN `_id_prestamo` INT)  NO SQL
SELECT MAX(a.idTbl_Abono_Prestamo) AS ultimo FROM tbl_abono_prestamo AS a WHERE a.Tbl_Prestamos_idprestamos = _id_prestamo AND a.estado_abono = 1$$

CREATE DEFINER=`root`@`localhost` PROCEDURE `SP_ultimo_Abono_Ventas_Recibo` (IN `_id_venta` INT)  NO SQL
SELECT MAX(a.idabono) AS ultimo FROM tbl_abono_ventas AS a WHERE a.Tbl_Ventas_idventas = _id_venta AND a.estado_abono = 1$$

CREATE DEFINER=`root`@`localhost` PROCEDURE `SP_Ultimo_id` ()  NO SQL
SELECT max(id_ventas) as ultimo_id 
FROM tbl_ventas$$

CREATE DEFINER=`root`@`localhost` PROCEDURE `SP_Ultimo_id_abono_Venta` (IN `_id` INT)  NO SQL
SELECT max(idabono) as ultimo_id 
FROM tbl_abono_ventas 
WHERE Tbl_Ventas_idventas = _id$$

CREATE DEFINER=`root`@`localhost` PROCEDURE `SP_Ultimo_id_pago` ()  NO SQL
SELECT max(id_pago) as ultimo_id 
FROM tbl_pagoempleados$$

CREATE DEFINER=`root`@`localhost` PROCEDURE `SP_Ultimo_Pago` ()  NO SQL
SELECT MAX(id_pago) as id_pago FROM tbl_pagoempleados$$

CREATE DEFINER=`root`@`localhost` PROCEDURE `SP_Ultimo_usuario` ()  NO SQL
SELECT MAX(id_usuarios) as ultimo 
FROM tbl_usuarios$$

CREATE DEFINER=`root`@`localhost` PROCEDURE `SP_Usuario_Por_Codigo` (IN `_id_usuario` VARCHAR(50))  NO SQL
SELECT nombre_usuario, clave, estado, Tbl_rol_id_rol
FROM tbl_usuarios 
WHERE id_usuarios = _id_usuario$$

CREATE DEFINER=`root`@`localhost` PROCEDURE `SP_ValAbonoAnularPrestamo` (IN `_id_prestamo` INT)  NO SQL
SELECT abono.valor 
from tbl_abono_prestamo abono 
WHERE abono.Tbl_Prestamos_idprestamos = _id_prestamo$$

CREATE DEFINER=`root`@`localhost` PROCEDURE `SP_Validar_Cantidad_Producto` (IN `_id_producto` INT)  NO SQL
SELECT cantidad 
FROM tbl_productos 
WHERE id_producto = _id_producto$$

CREATE DEFINER=`root`@`localhost` PROCEDURE `SP_Validar_Codigo` (IN `_codigo` INT)  NO SQL
SELECT id_producto 
FROM tbl_productos 
WHERE id_producto = _codigo$$

CREATE DEFINER=`root`@`localhost` PROCEDURE `SP_Validar_Email` (IN `_correo` VARCHAR(50), IN `_id` VARCHAR(50))  NO SQL
SELECT count(id_persona) total
FROM tbl_persona 
WHERE email = _correo AND id_persona <> _id$$

CREATE DEFINER=`root`@`localhost` PROCEDURE `SP_validar_email2` (IN `_correo` VARCHAR(50))  NO SQL
SELECT email 
FROM tbl_persona 
WHERE email = _correo AND email <> ''$$

CREATE DEFINER=`root`@`localhost` PROCEDURE `SP_Validar_Fecha` (IN `_fecha` DATE)  NO SQL
SELECT fecha_compra 
FROM tbl_compras 
WHERE DATE_FORMAT(fecha_compra, '%Y%m%d') = _fecha$$

CREATE DEFINER=`root`@`localhost` PROCEDURE `SP_Validar_Fecha_Baja` (IN `_fecha` DATE)  NO SQL
SELECT fecha_salida 
FROM tbl_bajas 
WHERE DATE_FORMAT(fecha_salida, '%Y%m%d') = _fecha$$

CREATE DEFINER=`root`@`localhost` PROCEDURE `SP_Validar_Fecha_Ganancia` (IN `_fecha` DATE)  NO SQL
SELECT DATE_FORMAT(fecha_venta, '%Y-%m-%d') AS fecha_venta 
FROM tbl_ventas 
WHERE DATE_FORMAT(fecha_venta, '%Y-%m-%d') = _fecha$$

CREATE DEFINER=`root`@`localhost` PROCEDURE `SP_Validar_Fecha_Venta` (IN `_fecha` DATE)  NO SQL
SELECT fecha_venta 
FROM tbl_ventas 
WHERE DATE_FORMAT(fecha_venta, '%Y%m%d') = _fecha$$

CREATE DEFINER=`root`@`localhost` PROCEDURE `SP_Validar_Id_Persona` (IN `_Id_Persona` VARCHAR(50))  NO SQL
SELECT id_persona 
FROM tbl_persona 
WHERE id_persona = _Id_Persona$$

CREATE DEFINER=`root`@`localhost` PROCEDURE `SP_Validar_Modificacion_Email` (IN `_id_persona` VARCHAR(50), IN `_correo` VARCHAR(50))  NO SQL
SELECT count(id_persona) total 
FROM tbl_persona
WHERE email = _correo AND id_persona <> _id_persona$$

CREATE DEFINER=`root`@`localhost` PROCEDURE `SP_Validar_Modificacion_Nombre_Categoria` (IN `_id` INT, IN `_nombre` VARCHAR(50))  NO SQL
SELECT LOWER(nombre) AS nombre
FROM tbl_categoria 
WHERE nombre = _nombre AND id_categoria = _id$$

CREATE DEFINER=`root`@`localhost` PROCEDURE `SP_Validar_Modificacion_Nombre_Producto` (IN `_id_producto` INT, IN `_nombre` VARCHAR(50))  NO SQL
SELECT LOWER(nombre_producto) AS nombre
FROM tbl_productos 
WHERE nombre_producto = _nombre AND id_producto = _id_producto$$

CREATE DEFINER=`root`@`localhost` PROCEDURE `SP_Validar_Modificacion_Usuario` (IN `_id_persona` VARCHAR(50), IN `_nombre_usuario` VARCHAR(50))  NO SQL
SELECT nombre_usuario
FROM tbl_usuarios 
WHERE nombre_usuario = _nombre_usuario AND id_usuarios = _id_persona$$

CREATE DEFINER=`root`@`localhost` PROCEDURE `SP_Validar_Mod_Email` (IN `_id` VARCHAR(50))  NO SQL
SELECT email
FROM tbl_persona 
WHERE id_persona <> _id$$

CREATE DEFINER=`root`@`localhost` PROCEDURE `SP_Validar_Nombres_Categorias` (IN `_id` INT)  NO SQL
SELECT LOWER(nombre) AS nombre
FROM tbl_categoria 
WHERE id_categoria <> _id$$

CREATE DEFINER=`root`@`localhost` PROCEDURE `SP_Validar_Nombre_Categoria` (IN `_categoria` VARCHAR(50))  NO SQL
SELECT id_categoria, nombre 
FROM tbl_categoria 
WHERE nombre = _categoria$$

CREATE DEFINER=`root`@`localhost` PROCEDURE `SP_Validar_Nombre_Categoria2` (IN `_nombre` VARCHAR(50))  NO SQL
SELECT count(nombre) total 
FROM tbl_categoria 
WHERE nombre = _nombre AND nombre <> ''$$

CREATE DEFINER=`root`@`localhost` PROCEDURE `SP_Validar_Nombre_Producto` (IN `_nombre` VARCHAR(50))  NO SQL
SELECT nombre_producto 
FROM tbl_productos 
WHERE nombre_producto = _nombre$$

CREATE DEFINER=`root`@`localhost` PROCEDURE `SP_Validar_Nombre_Producto2` (IN `_nombre` VARCHAR(50), IN `_talla` VARCHAR(30), IN `_categoria` INT)  NO SQL
SELECT
	nombre_producto,
    talla
FROM
	tbl_productos
WHERE
	(
		(
			nombre_producto = _nombre
			AND talla = _talla
		)
		AND Tbl_Categoria_idcategoria  = _categoria
	)$$

CREATE DEFINER=`root`@`localhost` PROCEDURE `SP_Validar_Nombre_Productos` (IN `_id` VARCHAR(50))  NO SQL
SELECT LOWER(nombre_producto) AS nombre
FROM tbl_productos 
WHERE id_producto <> _id$$

CREATE DEFINER=`root`@`localhost` PROCEDURE `SP_Validar_nombre_Usu` (IN `_Nombre` VARCHAR(50), IN `_id` VARCHAR(50))  NO SQL
SELECT count(nombre_usuario) total 
FROM tbl_usuarios 
WHERE nombre_usuario = _Nombre 
AND id_usuarios <> _id$$

CREATE DEFINER=`root`@`localhost` PROCEDURE `SP_Validar_Nombre_Usuario` (IN `_id` VARCHAR(50))  NO SQL
SELECT nombre_usuario
FROM tbl_usuarios WHERE id_usuarios <> _id$$

CREATE DEFINER=`root`@`localhost` PROCEDURE `SP_Validar_Prestamo` (IN `_id_persona` VARCHAR(50))  NO SQL
SELECT Tbl_Persona_id_persona, estado_prestamo, valor_prestamo 
FROM tbl_prestamos 
WHERE estado_prestamo = 1 AND Tbl_Persona_id_persona = _id_persona$$

CREATE DEFINER=`root`@`localhost` PROCEDURE `SP_Validar_Tipo_Empleado` (IN `_id_persona` VARCHAR(50))  NO SQL
SELECT id_persona 
FROM tbl_persona 
WHERE Tbl_TipoPersona_idTbl_TipoPersona = 1 
AND id_persona = _id_persona$$

CREATE DEFINER=`root`@`localhost` PROCEDURE `SP_Validar_Usuario` (IN `_nombre_usuario` VARCHAR(50))  NO SQL
SELECT nombre_usuario 
FROM tbl_usuarios 
WHERE nombre_usuario = _nombre_usuario$$

CREATE DEFINER=`root`@`localhost` PROCEDURE `SP_Validar_Usuario2` (IN `_nombre_usuario` VARCHAR(50))  NO SQL
SELECT nombre_usuario 
FROM tbl_usuarios 
WHERE nombre_usuario = _nombre_usuario$$

CREATE DEFINER=`root`@`localhost` PROCEDURE `SP_ValiPrestamo` (IN `id_persona` VARCHAR(50))  NO SQL
SELECT COUNT(pre.estado_prestamo) 
from tbl_prestamos pre 
WHERE pre.estado_prestamo = 1 
AND pre.Tbl_Persona_id_persona = id_persona$$

CREATE DEFINER=`root`@`localhost` PROCEDURE `SP_valorPrestamoliquidacion` (IN `id_persona` VARCHAR(50))  NO SQL
SELECT
	prestamo.id_prestamos,
	(
		CASE WHEN prestamo.valor_prestamo - fn_get_valor_total_abonos(prestamo.id_prestamos) IS NULL
		THEN
			prestamo.valor_prestamo 
		ELSE 
			prestamo.valor_prestamo - fn_get_valor_total_abonos(prestamo.id_prestamos)
		END
	) AS valor_prestamo

FROM
	tbl_prestamos prestamo
WHERE
	prestamo.estado_prestamo = 1
AND prestamo.Tbl_Persona_id_persona = id_persona$$

CREATE DEFINER=`root`@`localhost` PROCEDURE `SP_Ventas_Dia` ()  NO SQL
SELECT
	SUM(total_venta) AS ventas_dia
FROM
	tbl_ventas
WHERE
	DATE_FORMAT(fecha_venta, "%Y-%m-%d") = DATE_FORMAT(NOW(), "%Y-%m-%d") AND estado = 1$$

CREATE DEFINER=`root`@`localhost` PROCEDURE `SP_Ventas_Mes` ()  NO SQL
SELECT
	SUM(total_venta) AS total
FROM
	tbl_ventas t
WHERE DATE_FORMAT(t.fecha_venta,"%Y-%m-%d") BETWEEN DATE_FORMAT(NOW(), "%Y-%m-01") AND LAST_DAY(NOW()) AND t.estado = 1$$

--
-- Funciones
--
CREATE DEFINER=`root`@`localhost` FUNCTION `fn_get_valor_total_abonos` (`_id_prestamo` INT) RETURNS INT(11) NO SQL
BEGIN
	DECLARE total_abono DOUBLE;
			SELECT
				SUM(abono.valor) INTO total_abono
			FROM
				tbl_abono_prestamo abono
			WHERE
				abono.Tbl_Prestamos_idprestamos = _id_prestamo
			AND abono.estado_abono = 1;
	RETURN total_abono;
END$$

CREATE DEFINER=`root`@`localhost` FUNCTION `fn_total_abonos` (`id_venta` INT) RETURNS DOUBLE NO SQL
BEGIN
		DECLARE total DOUBLE;
		SELECT (CASE WHEN SUM(valor_abono) IS NULL THEN 0 ELSE SUM(valor_abono) END) INTO total FROM tbl_abono_ventas WHERE Tbl_Ventas_idventas = id_venta AND estado_abono = 1;
	RETURN total;
END$$

DELIMITER ;

-- --------------------------------------------------------

--
-- Estructura de tabla para la tabla `tbl_abono_prestamo`
--

CREATE TABLE `tbl_abono_prestamo` (
  `idTbl_Abono_Prestamo` int(11) NOT NULL,
  `fecha_abono` timestamp NOT NULL DEFAULT CURRENT_TIMESTAMP,
  `valor` double UNSIGNED NOT NULL,
  `estado_abono` int(11) NOT NULL DEFAULT '1',
  `Tbl_Prestamos_idprestamos` int(11) NOT NULL
) ENGINE=InnoDB DEFAULT CHARSET=utf8;

-- --------------------------------------------------------

--
-- Estructura de tabla para la tabla `tbl_abono_ventas`
--

CREATE TABLE `tbl_abono_ventas` (
  `idabono` int(11) NOT NULL,
  `fechaAbono` timestamp NOT NULL DEFAULT CURRENT_TIMESTAMP,
  `valor_abono` double UNSIGNED NOT NULL,
  `Tbl_Ventas_idventas` int(11) NOT NULL,
  `saldo_abono` double UNSIGNED DEFAULT NULL,
  `estado_abono` int(11) NOT NULL DEFAULT '1',
  `Id_empleado_abono` varchar(50) NOT NULL
) ENGINE=InnoDB DEFAULT CHARSET=utf8;

-- --------------------------------------------------------

--
-- Estructura de tabla para la tabla `tbl_bajas`
--

CREATE TABLE `tbl_bajas` (
  `id_bajas` int(11) NOT NULL,
  `fecha_salida` timestamp NOT NULL DEFAULT CURRENT_TIMESTAMP,
  `id_persona_empleado` varchar(50) NOT NULL,
  `estado` int(11) NOT NULL DEFAULT '1'
) ENGINE=InnoDB DEFAULT CHARSET=utf8;

-- --------------------------------------------------------

--
-- Estructura de tabla para la tabla `tbl_categoria`
--

CREATE TABLE `tbl_categoria` (
  `id_categoria` int(11) NOT NULL,
  `nombre` varchar(45) NOT NULL
) ENGINE=InnoDB DEFAULT CHARSET=utf8;

-- --------------------------------------------------------

--
-- Estructura de tabla para la tabla `tbl_compras`
--

CREATE TABLE `tbl_compras` (
  `id_compras` int(11) NOT NULL,
  `fecha_compra` timestamp NOT NULL DEFAULT CURRENT_TIMESTAMP ON UPDATE CURRENT_TIMESTAMP,
  `valor_total` double UNSIGNED NOT NULL,
  `estado` int(11) NOT NULL DEFAULT '1',
  `Tbl_Persona_id_persona_proveedor` varchar(50) NOT NULL,
  `Tbl_Persona_id_persona_empleado` varchar(50) NOT NULL
) ENGINE=InnoDB DEFAULT CHARSET=utf8;

-- --------------------------------------------------------

--
-- Estructura de tabla para la tabla `tbl_compras_has_tbl_productos`
--

CREATE TABLE `tbl_compras_has_tbl_productos` (
  `Tbl_Compras_idcompras` int(11) NOT NULL,
  `id_detalle` int(11) NOT NULL,
  `cantidad` int(11) UNSIGNED DEFAULT NULL,
  `Tbl_Productos_id_productos` int(11) NOT NULL,
  `valor_compra` double DEFAULT NULL
) ENGINE=InnoDB DEFAULT CHARSET=utf8;

-- --------------------------------------------------------

--
-- Estructura de tabla para la tabla `tbl_configuracion`
--

CREATE TABLE `tbl_configuracion` (
  `idTbl_Configuracion` int(11) NOT NULL,
  `tipo_pago` varchar(30) NOT NULL,
  `tiempo_pago` varchar(11) NOT NULL,
  `Valor_dia` int(11) UNSIGNED NOT NULL,
  `valor_dia_temporal` int(11) NOT NULL,
  `porcentaje_comision` double UNSIGNED NOT NULL,
  `valor_base` double UNSIGNED NOT NULL
) ENGINE=InnoDB DEFAULT CHARSET=utf8;

--
-- Volcado de datos para la tabla `tbl_configuracion`
--

INSERT INTO `tbl_configuracion` (`idTbl_Configuracion`, `tipo_pago`, `tiempo_pago`, `Valor_dia`, `valor_dia_temporal`, `porcentaje_comision`, `valor_base`) VALUES
(1, 'Pago Normal', 'Quincenal', 32000, 40000, 0.01, 700000),
(2, 'Pago Final', 'Anual', 0, 0, 0, 700000);

-- --------------------------------------------------------

--
-- Estructura de tabla para la tabla `tbl_configuracion_ventas`
--

CREATE TABLE `tbl_configuracion_ventas` (
  `idConfiguracionVentas` int(11) NOT NULL,
  `Porcentaje_Maximo_Dcto` double UNSIGNED NOT NULL,
  `Valor_Subtotal_Minimo` double UNSIGNED NOT NULL,
  `Porcentaje_Minimo_Dcto` int(11) UNSIGNED NOT NULL,
  `Valor_Subtotal_Maximo` double UNSIGNED NOT NULL
) ENGINE=InnoDB DEFAULT CHARSET=latin1;

--
-- Volcado de datos para la tabla `tbl_configuracion_ventas`
--

INSERT INTO `tbl_configuracion_ventas` (`idConfiguracionVentas`, `Porcentaje_Maximo_Dcto`, `Valor_Subtotal_Minimo`, `Porcentaje_Minimo_Dcto`, `Valor_Subtotal_Maximo`) VALUES
(1, 10, 15000, 7, 50000);

-- --------------------------------------------------------

--
-- Estructura de tabla para la tabla `tbl_menu`
--

CREATE TABLE `tbl_menu` (
  `id_menu` int(11) NOT NULL,
  `url_menu` varchar(45) NOT NULL,
  `texto_menu` varchar(45) NOT NULL,
  `icono_menu` varchar(20) DEFAULT NULL,
  `padre_id` int(11) DEFAULT NULL,
  `orden` int(11) NOT NULL
) ENGINE=InnoDB DEFAULT CHARSET=latin1;

--
-- Volcado de datos para la tabla `tbl_menu`
--

INSERT INTO `tbl_menu` (`id_menu`, `url_menu`, `texto_menu`, `icono_menu`, `padre_id`, `orden`) VALUES
(1, 'otro/index', 'Menú Principal', 'th-list', NULL, 1),
(2, '#', 'Personas', 'users', NULL, 2),
(3, 'Personas/listarTipoPers', 'Registrar Personas', '', 2, 1),
(4, 'Personas/listarPersonasEmpleados', 'Listar Usuarios/Empleados', NULL, 2, 2),
(5, 'Personas/listarProveedores', 'Listar Proveedores', NULL, 2, 3),
(6, 'Personas/listarPersonasClientes', 'Listar Clientes', NULL, 2, 4),
(7, '#', 'Categorías', 'database', NULL, 3),
(8, 'producto/listarCategorias', 'Gestionar Categorías', NULL, 7, 1),
(9, '#', 'Productos', 'cubes', NULL, 4),
(10, 'producto/registrarProductos', 'Registrar Productos', NULL, 9, 1),
(11, 'producto/listarProductos', 'Listar Productos', NULL, 9, 2),
(12, '#', 'Gestionar Existencias', 'check-square-o', NULL, 5),
(13, 'producto/RegistrarBajas', 'Registrar Bajas', '', 12, 1),
(14, 'producto/listarBajas', 'Listar Bajas', NULL, 12, 2),
(15, 'producto/listarStock', 'Listar Productos en Stock Mínimo', NULL, 12, 3),
(16, '#', 'Entradas', 'shopping-cart', NULL, 6),
(17, 'Compras/registrarCompra', 'Registrar Entradas', NULL, 16, 1),
(18, 'Compras/listarCompras', 'Listar Entradas', NULL, 16, 2),
(19, '#', 'Ventas', 'usd', NULL, 7),
(20, 'Ventas/index', 'Registrar Ventas', NULL, 19, 1),
(21, 'Ventas/listarVentas', 'Listar Ventas', NULL, 19, 2),
(22, 'Ventas/listarVentasCredito', 'Listar Créditos-Abonos', NULL, 19, 3),
(23, '#', 'Préstamos a Empleados', 'credit-card', NULL, 8),
(24, 'Empleados/registrarPrestamo', 'Registrar Préstamos', NULL, 23, 1),
(25, 'Empleados/ListarPrest', 'Listar Préstamos', NULL, 23, 2),
(26, '#', 'Pagos a Empleados', 'money', NULL, 9),
(27, 'Empleados/registrarPagos', 'Registrar Pagos', NULL, 26, 1),
(28, 'Empleados/listarPagos', 'Listar Pagos', NULL, 26, 2);

-- --------------------------------------------------------

--
-- Estructura de tabla para la tabla `tbl_paginas`
--

CREATE TABLE `tbl_paginas` (
  `codigo_paginas` int(11) NOT NULL,
  `nombre` varchar(45) DEFAULT NULL,
  `url` varchar(45) NOT NULL,
  `estado` tinyint(1) NOT NULL DEFAULT '1'
) ENGINE=InnoDB DEFAULT CHARSET=utf8;

--
-- Volcado de datos para la tabla `tbl_paginas`
--

INSERT INTO `tbl_paginas` (`codigo_paginas`, `nombre`, `url`, `estado`) VALUES
(1, 'persona/listar', 'Personas/listarPersonasEmpleados', 1),
(2, 'personas/registrar', 'Personas/listarTipoPers', 1),
(3, 'index', 'otro/index', 1),
(4, 'Cambiar/estado/usuario', 'Personas/cambiarEstado', 1),
(5, 'Contrasenia', 'Personas/modificarContrasenia', 1),
(6, 'personas/registrar/tipo', 'Personas/registrarPersonas', 1),
(7, 'personas/listar/proveedores', 'Personas/listarProveedores', 1),
(8, 'Personas/CambiarEstado-Proveedor', 'Personas/cambiarEstadoProveedor', 1),
(9, 'producto/registrar', 'producto/registrarProductos', 1),
(10, 'producto/listar', 'producto/listarProductos', 1),
(11, 'producto/estado', 'producto/cambiarEstado', 1),
(12, 'producto/registrarCate', 'producto/registrarCategoria', 1),
(13, 'producto/listarCate', 'producto/listarCategorias', 1),
(14, 'producto/obtener', 'producto/obtenerProductos', 1),
(15, 'producto/obtenerCateg', 'producto/obtenercategoria', 1),
(16, 'producto/modificar', 'producto/modificarProducto', 1),
(17, 'producto/modificarCateg', 'producto/ModificarCategoria', 1),
(18, 'producto/codigoBarras', 'producto/generarCodigo', 1),
(19, 'compras/index', 'Compras/index', 1),
(20, 'compras/registrar', 'Compras/registrarCompra', 1),
(21, 'compras/listar', 'Compras/listarCompras', 1),
(22, 'compras/estado', 'Compras/modificarEstado', 1),
(23, 'compras/detalles', 'Compras/ajaxDetallesCompra', 1),
(24, 'producto/registrarBajas', 'producto/registrarBajas', 1),
(25, 'producto/listarBajas', 'producto/listarBajas', 1),
(26, 'personas/validarId', 'Personas/validacion', 1),
(27, 'producto/listar', 'producto/listarStock', 1),
(28, 'ventas/index', 'Ventas/index', 1),
(29, 'ventas/listar', 'Ventas/listarVentas', 1),
(30, 'ventas/detalles', 'Ventas/ajaxDetallesVenta', 1),
(31, 'ventas/cambiarEstado', 'Ventas/modificarEstado', 1),
(32, 'producto/detalles', 'producto/ajaxDetallesProducto', 1),
(33, 'personas/listarClientes', 'Personas/listarPersonasClientes', 1),
(34, 'personas/estadoClientes', 'Personas/cambiarEstadoCliente', 1),
(35, 'Ventas/validarCantidad', 'Ventas/validacion', 1),
(36, 'personas/validarEmail', 'Personas/validacionEmail', 1),
(37, 'personas/validarusuario', 'Personas/validacionUsuario', 1),
(38, 'Empleados/RegistrarPagos', 'Empleados/registrarPagos', 1),
(39, 'Empleados/RegistrarAbonos', 'Empleados/registrarAbonoPrestamo', 1),
(40, 'Empleados/ListarPrestamos', 'Empleados/ListarPrest', 1),
(41, 'Empleados/RegistrarPrestamos', 'Empleados/registrarPrestamo', 1),
(42, 'Empleados/ListarConfiguraciones', 'Empleados/ListarConfiguraciones', 1),
(43, 'Empleados/Registrarpagoempleado', 'Empleados/registrarPagoEmpleado', 1),
(44, 'Empleados/ListarPagos', 'Empleados/listarPagos', 1),
(45, 'Empleados/detallesPagos', 'Empleados/ajaxDetallePagos', 1),
(46, 'Empleados/DetallesPrestamo', 'Empleados/ajaxDetallePrestamos', 1),
(47, 'Empleados/estado', 'Empleados/modificarestado', 1),
(48, 'Empleados/sumarAbono', 'Empleados/sumarAbono', 1),
(49, 'Empleados/undiadespues', 'Empleados/fechaUnDiaDespues', 1),
(50, 'Empleados/listarprestamos', 'Empleados/ListarPrest', 1),
(51, 'producto/validar', 'producto/validacion', 1),
(52, 'empleados/empleado', 'Empleados/ajaxNombreEmpleado', 1),
(53, 'producto/validacionCantidad', 'producto/validacionCantidad', 1),
(54, 'empleados/comprobante', 'Empleados/comprobante', 1),
(55, 'empleados/detallesAbonos', 'Empleados/ajaxDetalleAbonos', 1),
(56, 'empleados/valorVentas', 'Empleados/valorVentasEmp', 1),
(57, 'ventas/Credito', 'Ventas/listarVentasCredito', 1),
(58, 'ventas/detalleCreditos', 'Ventas/ajaxDetalleCreditosV', 1),
(59, 'ventas/registrarCreditosAbonos', 'Ventas/registrarAbonoCreditoVen', 1),
(60, 'ventas/detallesAbonos', 'Ventas/ajaxDetalleAbonosCreditosV', 1),
(61, 'Ventas/nombreCliente', 'Ventas/ajaxNombreCliente', 1),
(62, 'empleados/prestamos', 'Empleados/validacionPrestamo', 1),
(63, 'productos/nombreCategoria', 'producto/validacionCategoria', 1),
(64, 'ventas/estadoCredito', 'Ventas/modificarestadoC', 1),
(65, 'empleados/valiprestamos', 'Empleados/validarcantiPres', 1),
(66, 'empleados/infoprestamos', 'Empleados/infoprestamos', 1),
(67, 'empleados/prestamopendiente', 'Empleados/valorprestamopendiente', 1),
(68, 'empleados/modificarestadoabonos', 'Empleados/modificarestadoAbonos', 1),
(69, 'personas/pdfProveedores', 'Personas/generarpdfproveedor', 1),
(70, 'producto/pdf2', 'producto/pdf2', 1),
(71, 'producto/pdfStock', 'producto/informestock', 1),
(72, 'producto/pdfCodigo', 'producto/generarPdfCodigo', 1),
(73, 'producto/geberarpdfCodigo', 'producto/generarPdfCodigoProductos', 1),
(74, 'producto/imagencodigo', 'producto/guardarImagenCodigo', 1),
(75, 'producto/informe', 'producto/informeproducto', 1),
(76, 'producto/informeProducto', 'producto/informefproducto', 1),
(77, 'existencias/informeBajas', 'Existencias/informbajas', 1),
(78, 'personas/pdfClientes', 'Personas/generarpdfClientes', 1),
(79, 'personas/pdfEmpleados', 'Personas/generarpdfEmpleados', 1),
(80, 'Compras/pdfCompras', 'Compras/informeproducto', 1),
(81, 'Compras/pdf', 'Compras/pdfCompras', 1),
(82, 'Ventas/informe', 'Ventas/informeVentas', 1),
(83, 'Ventas/pdf', 'Ventas/pdfVentas', 1),
(84, 'empleados/estadoAbonos', 'Empleados/modificarestadoPrestamo', 1),
(85, 'empleados/validaranularprestamo', 'Empleados/ValidarAnularPrestamo', 1),
(86, 'empleados/asociarpago', 'Empleados/AsociarPagoLiquidacion', 1),
(87, 'empleados/asociarPrima', 'Empleados/AsociarPagoPrima', 1),
(88, 'empleados/informePagos', 'Empleados/informePagos', 1),
(89, 'empleados/informePrestamos', 'Empleados/informePrestamos', 1),
(90, 'ventas/reporteCreditos', 'Ventas/generarpdfCreditos', 1),
(91, 'Compras/pdfDetalles', 'Compras/generarpdfDetallesCompras', 1),
(92, 'producto/anularBaja', 'producto/AnularBaja', 1),
(93, 'ventas/estadoAbonos', 'Ventas/modificarestadoAbonos', 1),
(94, 'producto/validacionombre', 'producto/validacionNombre', 1),
(95, 'ventas/pdfdetallesventas', 'Ventas/generarpdfDetallesVentas', 1),
(96, 'ventas/infoCreditos', 'Ventas/infoCreditos', 1),
(97, 'producto/pdfBajasRangoFecha', 'producto/pdfBajas', 1),
(98, 'producto/infoBajas', 'producto/informeBajas', 1),
(99, 'empleados/pdfPagos', 'Empleados/generarpdfPagos', 1),
(100, 'ventas/pdfAbonos', 'Ventas/generarpdfDetalleAbonos', 1),
(101, 'ventas/pdfreporteganancias', 'Ventas/reporteGanancias', 1),
(102, 'ventas/informganancias', 'Ventas/informeGanancias', 1),
(103, 'producto/detallesBajas', 'producto/ajaxDetallesBajas', 1),
(104, 'empleados/pdfprestamos', 'Empleados/generarpdfPrestamos', 1),
(105, 'empleados/pdfAbonoprestamos', 'Empleados/generarpdfDetalleAbonos', 1),
(106, 'Ventas/listarclientecredito', 'Ventas/listarClientesCredito', 1),
(107, 'Ventas/registrarCliente', 'Ventas/registrarCliente', 1),
(108, 'otro/index2', 'otro/index2', 1),
(109, 'Compras/registrarProducto', 'Compras/registrarProducto', 1),
(110, 'producto/obtenerProductos2', 'producto/obtenerProductos2', 1),
(111, 'ventas/pdfdetalles', 'Ventas/generarpdfDetallesVentas2', 1),
(112, 'producto/validacionNombre', 'producto/validacionNombre2', 1),
(113, 'empleados/reportePrestamos', 'Empleados/pdfPrestamos', 1),
(114, 'empleados/comprobante', 'Empleados/generarComprobantePagos', 1),
(115, 'empleados/prestamos', 'Empleados/listarPrestamosVencer', 1),
(116, 'producto/validacionNombre', 'producto/validacionNombreProducto', 1),
(117, 'compras/modificarPreciosAjax', 'Compras/modificarPrecios', 1),
(118, 'ventas/reciboAbonos', 'Ventas/generarReciboAbonos', 1),
(119, 'Empleados/reciboAbonos', 'Empleados/generarReciboAbonos', 1),
(120, 'Empleados/pdfAbonos', 'Empleados/generarpdfDetalleAbonos', 1),
(121, 'personas/validarModificacionCorreo', 'Personas/validacionModCorreo', 1),
(122, 'personas/validarModificacionUsuario', 'Personas/validacionModUsuario', 1);

-- --------------------------------------------------------

--
-- Estructura de tabla para la tabla `tbl_pagina_rol`
--

CREATE TABLE `tbl_pagina_rol` (
  `codigo_paginas` int(11) NOT NULL,
  `Tbl_rol_id_rol` int(11) NOT NULL,
  `Tbl_Paginas_codigo_paginas` int(11) NOT NULL,
  `estado` tinyint(4) DEFAULT '1'
) ENGINE=InnoDB DEFAULT CHARSET=utf8;

--
-- Volcado de datos para la tabla `tbl_pagina_rol`
--

INSERT INTO `tbl_pagina_rol` (`codigo_paginas`, `Tbl_rol_id_rol`, `Tbl_Paginas_codigo_paginas`, `estado`) VALUES
(2, 1, 2, 1),
(3, 1, 3, 1),
(4, 1, 4, 1),
(5, 1, 5, 1),
(6, 1, 6, 1),
(7, 1, 7, 1),
(8, 1, 8, 1),
(9, 1, 9, 1),
(10, 1, 10, 1),
(11, 1, 11, 1),
(14, 1, 14, 1),
(15, 1, 15, 1),
(16, 1, 16, 1),
(17, 1, 17, 1),
(18, 1, 18, 1),
(19, 1, 19, 1),
(20, 1, 20, 1),
(21, 1, 21, 1),
(22, 1, 22, 1),
(23, 1, 23, 1),
(24, 1, 24, 1),
(25, 1, 25, 1),
(26, 1, 26, 1),
(27, 1, 27, 1),
(28, 1, 28, 1),
(29, 1, 29, 1),
(30, 1, 30, 1),
(31, 1, 31, 1),
(32, 1, 32, 1),
(33, 1, 33, 1),
(34, 1, 34, 1),
(35, 1, 35, 1),
(36, 1, 36, 1),
(37, 1, 37, 1),
(38, 3, 38, 1),
(39, 3, 39, 1),
(40, 3, 40, 1),
(41, 3, 41, 1),
(42, 3, 42, 1),
(43, 3, 43, 1),
(44, 3, 44, 1),
(45, 3, 45, 1),
(46, 3, 46, 1),
(47, 3, 47, 1),
(48, 3, 48, 1),
(49, 3, 49, 1),
(50, 2, 2, 1),
(52, 2, 33, 1),
(53, 2, 26, 1),
(54, 2, 3, 1),
(55, 2, 29, 1),
(56, 2, 28, 1),
(57, 2, 35, 1),
(58, 2, 30, 1),
(59, 2, 31, 1),
(60, 3, 50, 1),
(61, 1, 51, 1),
(62, 2, 21, 1),
(63, 2, 23, 1),
(64, 3, 52, 1),
(65, 2, 10, 1),
(66, 2, 32, 1),
(67, 2, 16, 1),
(68, 2, 14, 1),
(69, 2, 9, 1),
(70, 1, 53, 1),
(71, 3, 54, 1),
(72, 3, 55, 1),
(73, 3, 56, 1),
(74, 1, 57, 1),
(75, 1, 58, 1),
(77, 1, 59, 1),
(79, 1, 60, 1),
(80, 1, 61, 1),
(81, 3, 62, 1),
(82, 1, 63, 1),
(83, 1, 64, 1),
(84, 3, 65, 1),
(86, 3, 66, 1),
(87, 3, 67, 1),
(88, 3, 68, 1),
(89, 2, 6, 1),
(90, 1, 69, 1),
(91, 1, 70, 1),
(92, 1, 71, 1),
(93, 1, 72, 1),
(94, 1, 73, 1),
(95, 1, 74, 1),
(96, 1, 75, 1),
(97, 1, 76, 1),
(98, 1, 77, 1),
(99, 1, 78, 1),
(100, 1, 79, 1),
(101, 1, 80, 1),
(102, 1, 81, 1),
(103, 1, 82, 1),
(104, 1, 83, 1),
(105, 3, 84, 1),
(106, 3, 85, 1),
(107, 3, 86, 1),
(108, 3, 87, 1),
(109, 3, 88, 1),
(110, 3, 89, 1),
(111, 1, 90, 1),
(112, 1, 91, 1),
(113, 1, 92, 1),
(114, 1, 93, 1),
(115, 1, 94, 1),
(116, 1, 95, 1),
(117, 1, 96, 1),
(118, 3, 1, 1),
(119, 3, 2, 1),
(120, 3, 3, 1),
(121, 3, 4, 1),
(122, 3, 5, 1),
(123, 3, 6, 1),
(124, 3, 7, 1),
(125, 3, 8, 1),
(126, 3, 9, 1),
(127, 3, 10, 1),
(128, 3, 11, 1),
(129, 3, 12, 1),
(130, 3, 13, 1),
(131, 3, 14, 1),
(132, 3, 15, 1),
(133, 3, 16, 1),
(134, 3, 17, 1),
(135, 3, 18, 1),
(136, 3, 19, 1),
(137, 3, 20, 1),
(138, 3, 21, 1),
(139, 3, 22, 1),
(140, 3, 23, 1),
(141, 3, 24, 1),
(142, 3, 25, 1),
(143, 3, 26, 1),
(144, 3, 27, 1),
(145, 3, 28, 1),
(146, 3, 29, 1),
(147, 3, 30, 1),
(148, 3, 31, 1),
(149, 3, 32, 1),
(150, 3, 33, 1),
(151, 3, 34, 1),
(152, 3, 35, 1),
(153, 3, 36, 1),
(154, 3, 37, 1),
(156, 3, 51, 1),
(157, 3, 53, 1),
(158, 3, 57, 1),
(159, 3, 58, 1),
(160, 3, 59, 1),
(161, 3, 60, 1),
(162, 3, 61, 1),
(163, 3, 63, 1),
(164, 3, 64, 1),
(166, 3, 69, 1),
(167, 3, 70, 1),
(168, 3, 71, 1),
(169, 3, 72, 1),
(170, 3, 73, 1),
(171, 3, 74, 1),
(173, 3, 75, 1),
(174, 3, 76, 1),
(175, 3, 77, 1),
(176, 3, 78, 1),
(177, 3, 79, 1),
(178, 3, 80, 1),
(179, 3, 81, 1),
(180, 3, 82, 1),
(181, 3, 83, 1),
(182, 3, 90, 1),
(183, 3, 91, 1),
(184, 3, 92, 1),
(185, 3, 93, 1),
(186, 3, 94, 1),
(187, 3, 95, 1),
(188, 3, 96, 1),
(189, 2, 27, 1),
(190, 2, 72, 1),
(191, 2, 73, 1),
(192, 2, 70, 1),
(193, 2, 74, 1),
(194, 2, 95, 1),
(195, 2, 57, 1),
(196, 2, 58, 1),
(197, 2, 61, 1),
(198, 2, 60, 1),
(199, 2, 93, 1),
(200, 2, 90, 1),
(201, 3, 97, 1),
(202, 3, 98, 1),
(203, 3, 58, 1),
(204, 3, 99, 1),
(205, 2, 59, 1),
(206, 3, 100, 1),
(207, 3, 101, 1),
(208, 3, 102, 1),
(209, 3, 103, 1),
(210, 1, 103, 1),
(211, 3, 104, 1),
(212, 3, 105, 1),
(213, 1, 100, 1),
(214, 3, 106, 1),
(215, 2, 106, 1),
(216, 1, 106, 1),
(217, 3, 107, 1),
(218, 3, 108, 1),
(219, 3, 109, 1),
(220, 2, 108, 1),
(221, 1, 108, 1),
(222, 3, 110, 1),
(223, 3, 111, 1),
(224, 3, 112, 1),
(225, 3, 113, 1),
(226, 3, 114, 1),
(227, 3, 115, 1),
(228, 3, 116, 1),
(229, 3, 117, 1),
(230, 3, 118, 1),
(232, 3, 119, 1),
(233, 3, 120, 1),
(234, 1, 101, 1),
(235, 1, 102, 1),
(245, 1, 97, 1),
(246, 1, 107, 1),
(247, 1, 109, 1),
(248, 1, 116, 1),
(249, 1, 117, 1),
(250, 1, 112, 1),
(251, 1, 110, 1),
(252, 1, 111, 1),
(253, 1, 95, 1),
(254, 1, 118, 1),
(255, 2, 107, 1),
(256, 2, 118, 1),
(257, 2, 111, 1),
(258, 2, 100, 1),
(259, 2, 95, 1),
(260, 3, 121, 1),
(261, 1, 121, 1),
(262, 2, 121, 1),
(263, 3, 122, 1),
(264, 1, 122, 1);

-- --------------------------------------------------------

--
-- Estructura de tabla para la tabla `tbl_pagoempleados`
--

CREATE TABLE `tbl_pagoempleados` (
  `id_pago` int(11) NOT NULL,
  `fecha_pago` timestamp NOT NULL DEFAULT CURRENT_TIMESTAMP,
  `Tbl_Persona_id_persona` varchar(50) NOT NULL,
  `valorVentas` double UNSIGNED DEFAULT NULL,
  `valorComision` double UNSIGNED DEFAULT NULL,
  `cantidad_dias` int(11) UNSIGNED DEFAULT NULL,
  `valor_dia` double UNSIGNED DEFAULT NULL,
  `valor_prima` int(11) UNSIGNED DEFAULT NULL,
  `valor_vacaciones` int(11) UNSIGNED DEFAULT NULL,
  `valor_cesantias` int(11) UNSIGNED DEFAULT NULL,
  `estado` int(11) NOT NULL DEFAULT '1'
) ENGINE=InnoDB DEFAULT CHARSET=utf8;

-- --------------------------------------------------------

--
-- Estructura de tabla para la tabla `tbl_pagoempleados_has_tbl_configuracion`
--

CREATE TABLE `tbl_pagoempleados_has_tbl_configuracion` (
  `Tbl_PagoEmpleados_idpago` int(11) NOT NULL,
  `Tbl_Configuracion_idTbl_Configuracion` int(11) NOT NULL,
  `total_pago` double UNSIGNED DEFAULT NULL
) ENGINE=InnoDB DEFAULT CHARSET=utf8;

-- --------------------------------------------------------

--
-- Estructura de tabla para la tabla `tbl_persona`
--

CREATE TABLE `tbl_persona` (
  `id_persona` varchar(50) NOT NULL,
  `telefono` varchar(30) NOT NULL,
  `nombres` varchar(30) NOT NULL,
  `email` varchar(45) NOT NULL,
  `direccion` varchar(50) DEFAULT NULL,
  `apellidos` varchar(30) NOT NULL,
  `estado` tinyint(1) NOT NULL DEFAULT '1',
  `genero` varchar(20) NOT NULL,
  `tipo_documento` varchar(40) NOT NULL,
  `Tbl_TipoPersona_idTbl_TipoPersona` int(11) NOT NULL,
  `celular` varchar(12) DEFAULT NULL,
  `fecha_Contrato` date DEFAULT NULL,
  `fecha_Terminacion_Contrato` date DEFAULT NULL
) ENGINE=InnoDB DEFAULT CHARSET=utf8;

--
-- Volcado de datos para la tabla `tbl_persona`
--

INSERT INTO `tbl_persona` (`id_persona`, `telefono`, `nombres`, `email`, `direccion`, `apellidos`, `estado`, `genero`, `tipo_documento`, `Tbl_TipoPersona_idTbl_TipoPersona`, `celular`, `fecha_Contrato`, `fecha_Terminacion_Contrato`) VALUES
('110000111', '0000000', 'Anónimo', '', 'N/A', 'Anónimo', 1, 'Masculino', 'Cédula', 6, '0000000000', NULL, NULL),
('11111111', '0000000', 'Anónimo', '', 'N/A', 'Anónimo', 1, 'Masculino', 'Cédula', 3, '0000000000', NULL, NULL),
('1234567890', '3458912', 'Victor', 'davidvargas.jdvp@gmail.com', 'Medellín', 'Gómez', 1, 'Masculino', 'Cédula', 1, '3004525612', '2016-11-28', '2017-11-28');

-- --------------------------------------------------------

--
-- Estructura de tabla para la tabla `tbl_prestamos`
--

CREATE TABLE `tbl_prestamos` (
  `id_prestamos` int(11) NOT NULL,
  `estado_prestamo` tinyint(1) NOT NULL,
  `valor_prestamo` double UNSIGNED NOT NULL,
  `fecha_prestamo` date NOT NULL,
  `fecha_limite` date NOT NULL,
  `descripcion` varchar(50) NOT NULL,
  `Tbl_Persona_id_persona` varchar(50) NOT NULL
) ENGINE=InnoDB DEFAULT CHARSET=utf8;

-- --------------------------------------------------------

--
-- Estructura de tabla para la tabla `tbl_productos`
--

CREATE TABLE `tbl_productos` (
  `id_producto` int(11) NOT NULL,
  `nombre_producto` varchar(45) NOT NULL,
  `estado` tinyint(1) NOT NULL DEFAULT '1',
  `precio_detal` double UNSIGNED NOT NULL,
  `precio_por_mayor` double UNSIGNED NOT NULL,
  `precio_unitario` double UNSIGNED NOT NULL,
  `Tbl_Categoria_idcategoria` int(11) NOT NULL,
  `tamano` varchar(100) DEFAULT NULL,
  `stock_minimo` int(11) UNSIGNED NOT NULL,
  `cantidad` int(11) UNSIGNED DEFAULT '0'
) ENGINE=InnoDB DEFAULT CHARSET=utf8;

-- --------------------------------------------------------

--
-- Estructura de tabla para la tabla `tbl_productos_has_tbl_bajas`
--

CREATE TABLE `tbl_productos_has_tbl_bajas` (
  `Tbl_Bajas_idbajas` int(11) NOT NULL,
  `Tbl_Productos_id_productos` int(11) NOT NULL,
  `Cantidad` int(11) UNSIGNED NOT NULL,
  `tipo_baja` varchar(30) NOT NULL
) ENGINE=InnoDB DEFAULT CHARSET=utf8;

-- --------------------------------------------------------

--
-- Estructura de tabla para la tabla `tbl_productos_has_tbl_ventas`
--

CREATE TABLE `tbl_productos_has_tbl_ventas` (
  `Tbl_Ventas_id_ventas` int(11) NOT NULL,
  `cantidad` int(11) UNSIGNED DEFAULT NULL,
  `Tbl_Productos_id_productos` int(11) NOT NULL,
  `id_detalle_venta` int(11) NOT NULL,
  `precio_venta` double UNSIGNED DEFAULT NULL,
  `precio_unitario_actual` double NOT NULL
) ENGINE=InnoDB DEFAULT CHARSET=utf8;

-- --------------------------------------------------------

--
-- Estructura de tabla para la tabla `tbl_proveedor`
--

CREATE TABLE `tbl_proveedor` (
  `nit` varchar(20) NOT NULL,
  `empresa` varchar(30) DEFAULT NULL,
  `telefono_empresa` varchar(20) DEFAULT 'No',
  `Tbl_Persona_id_persona` varchar(50) NOT NULL
) ENGINE=InnoDB DEFAULT CHARSET=utf8;

-- --------------------------------------------------------

--
-- Estructura de tabla para la tabla `tbl_rol`
--

CREATE TABLE `tbl_rol` (
  `id_rol` int(11) NOT NULL,
  `nombre_rol` varchar(30) NOT NULL
) ENGINE=InnoDB DEFAULT CHARSET=utf8;

--
-- Volcado de datos para la tabla `tbl_rol`
--

INSERT INTO `tbl_rol` (`id_rol`, `nombre_rol`) VALUES
(1, 'Administrador'),
(2, 'Vendedor'),
(3, 'SuperAdmin');

-- --------------------------------------------------------

--
-- Estructura de tabla para la tabla `tbl_rol_menu`
--

CREATE TABLE `tbl_rol_menu` (
  `idrol_menu` int(11) NOT NULL,
  `id_rol` int(11) NOT NULL,
  `id_menu` int(11) NOT NULL
) ENGINE=InnoDB DEFAULT CHARSET=latin1;

--
-- Volcado de datos para la tabla `tbl_rol_menu`
--

INSERT INTO `tbl_rol_menu` (`idrol_menu`, `id_rol`, `id_menu`) VALUES
(1, 3, 1),
(2, 3, 2),
(3, 3, 3),
(4, 3, 4),
(5, 3, 5),
(6, 3, 6),
(7, 3, 7),
(8, 3, 8),
(9, 3, 9),
(10, 3, 10),
(11, 3, 11),
(12, 3, 12),
(13, 3, 13),
(14, 3, 14),
(15, 3, 15),
(16, 3, 16),
(17, 3, 17),
(18, 3, 18),
(19, 3, 19),
(20, 3, 20),
(21, 3, 21),
(22, 3, 22),
(23, 3, 23),
(24, 3, 24),
(25, 3, 25),
(26, 3, 26),
(27, 3, 27),
(28, 3, 28),
(29, 1, 1),
(30, 1, 2),
(31, 1, 3),
(32, 1, 5),
(33, 1, 6),
(34, 1, 9),
(35, 1, 10),
(36, 1, 11),
(37, 1, 12),
(38, 1, 13),
(39, 1, 14),
(40, 1, 15),
(41, 1, 16),
(42, 1, 17),
(43, 1, 18),
(44, 1, 19),
(45, 1, 20),
(46, 1, 21),
(47, 1, 22),
(48, 2, 1),
(49, 2, 2),
(50, 2, 3),
(51, 2, 6),
(52, 2, 9),
(53, 2, 10),
(54, 2, 11),
(55, 2, 12),
(56, 2, 15),
(57, 2, 19),
(58, 2, 20),
(59, 2, 21),
(60, 2, 22);

-- --------------------------------------------------------

--
-- Estructura de tabla para la tabla `tbl_tipopersona`
--

CREATE TABLE `tbl_tipopersona` (
  `idTbl_tipo_persona` int(11) NOT NULL,
  `Tbl_nombre_tipo_persona` varchar(30) DEFAULT NULL
) ENGINE=InnoDB DEFAULT CHARSET=utf8;

--
-- Volcado de datos para la tabla `tbl_tipopersona`
--

INSERT INTO `tbl_tipopersona` (`idTbl_tipo_persona`, `Tbl_nombre_tipo_persona`) VALUES
(1, 'Empleado-fijo'),
(2, 'Empleado-temporal'),
(3, 'Proveedor-natural'),
(4, 'Proveedor-juridico'),
(5, 'Cliente-frecuente'),
(6, 'Cliente-no-frecuente');

-- --------------------------------------------------------

--
-- Estructura de tabla para la tabla `tbl_usuarios`
--

CREATE TABLE `tbl_usuarios` (
  `id_usuarios` varchar(50) NOT NULL,
  `clave` varchar(250) NOT NULL,
  `estado` tinyint(1) NOT NULL DEFAULT '1',
  `nombre_usuario` varchar(30) NOT NULL,
  `Tbl_rol_id_rol` int(11) NOT NULL
) ENGINE=InnoDB DEFAULT CHARSET=utf8;

--
-- Volcado de datos para la tabla `tbl_usuarios`
--

INSERT INTO `tbl_usuarios` (`id_usuarios`, `clave`, `estado`, `nombre_usuario`, `Tbl_rol_id_rol`) VALUES
('1234567890', '1Ch58h+14eFYQM4yifAGy+LIfRDSLqCViG7rO5GxHRs=', 1, 'victor', 3);

-- --------------------------------------------------------

--
-- Estructura de tabla para la tabla `tbl_ventas`
--

CREATE TABLE `tbl_ventas` (
  `id_ventas` int(11) NOT NULL,
  `tipo_de_pago` varchar(45) NOT NULL,
  `fecha_venta` timestamp NOT NULL DEFAULT CURRENT_TIMESTAMP ON UPDATE CURRENT_TIMESTAMP,
  `descuento` double UNSIGNED NOT NULL,
  `subtotal_venta` double UNSIGNED NOT NULL,
  `total_venta` double UNSIGNED NOT NULL,
  `estado` int(1) DEFAULT '1',
  `Tbl_Persona_idpersona_empleado` varchar(50) NOT NULL,
  `Tbl_persona_idpersona_cliente` varchar(50) NOT NULL,
  `estado_credito` int(11) DEFAULT '1',
  `fecha_limite_credito` date DEFAULT NULL
) ENGINE=InnoDB DEFAULT CHARSET=utf8;

--
-- Índices para tablas volcadas
--

--
-- Indices de la tabla `tbl_abono_prestamo`
--
ALTER TABLE `tbl_abono_prestamo`
  ADD PRIMARY KEY (`idTbl_Abono_Prestamo`),
  ADD KEY `fk_Tbl_Abono_Prestamo_Tbl_Prestamos1_idx` (`Tbl_Prestamos_idprestamos`);

--
-- Indices de la tabla `tbl_abono_ventas`
--
ALTER TABLE `tbl_abono_ventas`
  ADD PRIMARY KEY (`idabono`),
  ADD KEY `fk_Tbl_Abono_Tbl_Ventas1_idx` (`Tbl_Ventas_idventas`),
  ADD KEY `Fk_Id_empleado_Abono_venta` (`Id_empleado_abono`);

--
-- Indices de la tabla `tbl_bajas`
--
ALTER TABLE `tbl_bajas`
  ADD PRIMARY KEY (`id_bajas`),
  ADD KEY `id_persona_empleado` (`id_persona_empleado`);

--
-- Indices de la tabla `tbl_categoria`
--
ALTER TABLE `tbl_categoria`
  ADD PRIMARY KEY (`id_categoria`);

--
-- Indices de la tabla `tbl_compras`
--
ALTER TABLE `tbl_compras`
  ADD PRIMARY KEY (`id_compras`),
  ADD KEY `fk_Tbl_Compras_Tbl_proveedor1_idx` (`Tbl_Persona_id_persona_proveedor`),
  ADD KEY `fk_compras_id_empleado` (`Tbl_Persona_id_persona_empleado`);

--
-- Indices de la tabla `tbl_compras_has_tbl_productos`
--
ALTER TABLE `tbl_compras_has_tbl_productos`
  ADD PRIMARY KEY (`id_detalle`),
  ADD KEY `fk_Tbl_Compras_has_Tbl_Existencias_Tbl_Compras1_idx` (`Tbl_Compras_idcompras`),
  ADD KEY `fk_Tbl_Compras_has_Tbl_Existencias_Tbl_Productos1_idx` (`Tbl_Productos_id_productos`);

--
-- Indices de la tabla `tbl_configuracion`
--
ALTER TABLE `tbl_configuracion`
  ADD PRIMARY KEY (`idTbl_Configuracion`);

--
-- Indices de la tabla `tbl_configuracion_ventas`
--
ALTER TABLE `tbl_configuracion_ventas`
  ADD PRIMARY KEY (`idConfiguracionVentas`);

--
-- Indices de la tabla `tbl_menu`
--
ALTER TABLE `tbl_menu`
  ADD PRIMARY KEY (`id_menu`);

--
-- Indices de la tabla `tbl_paginas`
--
ALTER TABLE `tbl_paginas`
  ADD PRIMARY KEY (`codigo_paginas`);

--
-- Indices de la tabla `tbl_pagina_rol`
--
ALTER TABLE `tbl_pagina_rol`
  ADD PRIMARY KEY (`codigo_paginas`),
  ADD KEY `fk_Tbl_Pagina_Rol_Tbl_rol1_idx` (`Tbl_rol_id_rol`),
  ADD KEY `fk_Tbl_Pagina_Rol_Tbl_Paginas1_idx` (`Tbl_Paginas_codigo_paginas`);

--
-- Indices de la tabla `tbl_pagoempleados`
--
ALTER TABLE `tbl_pagoempleados`
  ADD PRIMARY KEY (`id_pago`),
  ADD KEY `fk_Tbl_PagoEmpleados_Tbl_Persona1_idx` (`Tbl_Persona_id_persona`);

--
-- Indices de la tabla `tbl_pagoempleados_has_tbl_configuracion`
--
ALTER TABLE `tbl_pagoempleados_has_tbl_configuracion`
  ADD KEY `fk_Tbl_PagoEmpleados_has_Tbl_Configuracion_Tbl_Configuracio_idx` (`Tbl_Configuracion_idTbl_Configuracion`),
  ADD KEY `fk_Tbl_PagoEmpleados_has_Tbl_Configuracion_Tbl_PagoEmpleado_idx` (`Tbl_PagoEmpleados_idpago`);

--
-- Indices de la tabla `tbl_persona`
--
ALTER TABLE `tbl_persona`
  ADD PRIMARY KEY (`id_persona`),
  ADD KEY `fk_Tbl_Persona_Tbl_TipoPersona1_idx` (`Tbl_TipoPersona_idTbl_TipoPersona`);

--
-- Indices de la tabla `tbl_prestamos`
--
ALTER TABLE `tbl_prestamos`
  ADD PRIMARY KEY (`id_prestamos`),
  ADD KEY `fk_Tbl_Prestamos_Tbl_Persona1_idx` (`Tbl_Persona_id_persona`);

--
-- Indices de la tabla `tbl_productos`
--
ALTER TABLE `tbl_productos`
  ADD PRIMARY KEY (`id_producto`),
  ADD KEY `fk_Tbl_Productos_Tbl_Categoria1_idx` (`Tbl_Categoria_idcategoria`);

--
-- Indices de la tabla `tbl_productos_has_tbl_bajas`
--
ALTER TABLE `tbl_productos_has_tbl_bajas`
  ADD KEY `fk_Tbl_E_has_Tbl_Bajas_Tbl_B_idx` (`Tbl_Bajas_idbajas`),
  ADD KEY `fk_Tbl_P_has_Tbl_B_Tbl_P_idx` (`Tbl_Productos_id_productos`);

--
-- Indices de la tabla `tbl_productos_has_tbl_ventas`
--
ALTER TABLE `tbl_productos_has_tbl_ventas`
  ADD PRIMARY KEY (`id_detalle_venta`),
  ADD KEY `fk_Tbl_Existencias_has_Tbl_Ventas_Tbl_Ventas1_idx` (`Tbl_Ventas_id_ventas`),
  ADD KEY `fk_Tbl_Productos_has_Tbl_Ventas_Tbl_Productos1_idx` (`Tbl_Productos_id_productos`);

--
-- Indices de la tabla `tbl_proveedor`
--
ALTER TABLE `tbl_proveedor`
  ADD PRIMARY KEY (`Tbl_Persona_id_persona`),
  ADD KEY `fk_Tbl_proveedor_Tbl_Persona1_idx` (`Tbl_Persona_id_persona`);

--
-- Indices de la tabla `tbl_rol`
--
ALTER TABLE `tbl_rol`
  ADD PRIMARY KEY (`id_rol`);

--
-- Indices de la tabla `tbl_rol_menu`
--
ALTER TABLE `tbl_rol_menu`
  ADD PRIMARY KEY (`idrol_menu`),
  ADD KEY `id_rol` (`id_rol`),
  ADD KEY `id_menu` (`id_menu`);

--
-- Indices de la tabla `tbl_tipopersona`
--
ALTER TABLE `tbl_tipopersona`
  ADD PRIMARY KEY (`idTbl_tipo_persona`);

--
-- Indices de la tabla `tbl_usuarios`
--
ALTER TABLE `tbl_usuarios`
  ADD PRIMARY KEY (`id_usuarios`),
  ADD KEY `fk_Tbl_Usuarios_Tbl_rol1_idx` (`Tbl_rol_id_rol`);

--
-- Indices de la tabla `tbl_ventas`
--
ALTER TABLE `tbl_ventas`
  ADD PRIMARY KEY (`id_ventas`),
  ADD KEY `fk_Tbl_Ventas_Tbl_Persona1_idx` (`Tbl_Persona_idpersona_empleado`) USING BTREE,
  ADD KEY `fk_ventas_idClientes` (`Tbl_persona_idpersona_cliente`);

--
-- AUTO_INCREMENT de las tablas volcadas
--

--
-- AUTO_INCREMENT de la tabla `tbl_abono_prestamo`
--
ALTER TABLE `tbl_abono_prestamo`
  MODIFY `idTbl_Abono_Prestamo` int(11) NOT NULL AUTO_INCREMENT;
--
-- AUTO_INCREMENT de la tabla `tbl_abono_ventas`
--
ALTER TABLE `tbl_abono_ventas`
  MODIFY `idabono` int(11) NOT NULL AUTO_INCREMENT;
--
-- AUTO_INCREMENT de la tabla `tbl_bajas`
--
ALTER TABLE `tbl_bajas`
  MODIFY `id_bajas` int(11) NOT NULL AUTO_INCREMENT;
--
-- AUTO_INCREMENT de la tabla `tbl_categoria`
--
ALTER TABLE `tbl_categoria`
  MODIFY `id_categoria` int(11) NOT NULL AUTO_INCREMENT;
--
-- AUTO_INCREMENT de la tabla `tbl_compras`
--
ALTER TABLE `tbl_compras`
  MODIFY `id_compras` int(11) NOT NULL AUTO_INCREMENT;
--
-- AUTO_INCREMENT de la tabla `tbl_compras_has_tbl_productos`
--
ALTER TABLE `tbl_compras_has_tbl_productos`
  MODIFY `id_detalle` int(11) NOT NULL AUTO_INCREMENT;
--
-- AUTO_INCREMENT de la tabla `tbl_configuracion`
--
ALTER TABLE `tbl_configuracion`
  MODIFY `idTbl_Configuracion` int(11) NOT NULL AUTO_INCREMENT, AUTO_INCREMENT=3;
--
-- AUTO_INCREMENT de la tabla `tbl_configuracion_ventas`
--
ALTER TABLE `tbl_configuracion_ventas`
  MODIFY `idConfiguracionVentas` int(11) NOT NULL AUTO_INCREMENT, AUTO_INCREMENT=2;
--
-- AUTO_INCREMENT de la tabla `tbl_menu`
--
ALTER TABLE `tbl_menu`
  MODIFY `id_menu` int(11) NOT NULL AUTO_INCREMENT, AUTO_INCREMENT=29;
--
-- AUTO_INCREMENT de la tabla `tbl_paginas`
--
ALTER TABLE `tbl_paginas`
  MODIFY `codigo_paginas` int(11) NOT NULL AUTO_INCREMENT, AUTO_INCREMENT=123;
--
-- AUTO_INCREMENT de la tabla `tbl_pagina_rol`
--
ALTER TABLE `tbl_pagina_rol`
  MODIFY `codigo_paginas` int(11) NOT NULL AUTO_INCREMENT, AUTO_INCREMENT=265;
--
-- AUTO_INCREMENT de la tabla `tbl_pagoempleados`
--
ALTER TABLE `tbl_pagoempleados`
  MODIFY `id_pago` int(11) NOT NULL AUTO_INCREMENT;
--
-- AUTO_INCREMENT de la tabla `tbl_prestamos`
--
ALTER TABLE `tbl_prestamos`
  MODIFY `id_prestamos` int(11) NOT NULL AUTO_INCREMENT;
--
-- AUTO_INCREMENT de la tabla `tbl_productos`
--
ALTER TABLE `tbl_productos`
  MODIFY `id_producto` int(11) NOT NULL AUTO_INCREMENT;
--
-- AUTO_INCREMENT de la tabla `tbl_productos_has_tbl_ventas`
--
ALTER TABLE `tbl_productos_has_tbl_ventas`
  MODIFY `id_detalle_venta` int(11) NOT NULL AUTO_INCREMENT;
--
-- AUTO_INCREMENT de la tabla `tbl_rol`
--
ALTER TABLE `tbl_rol`
  MODIFY `id_rol` int(11) NOT NULL AUTO_INCREMENT, AUTO_INCREMENT=4;
--
-- AUTO_INCREMENT de la tabla `tbl_rol_menu`
--
ALTER TABLE `tbl_rol_menu`
  MODIFY `idrol_menu` int(11) NOT NULL AUTO_INCREMENT, AUTO_INCREMENT=61;
--
-- AUTO_INCREMENT de la tabla `tbl_ventas`
--
ALTER TABLE `tbl_ventas`
  MODIFY `id_ventas` int(11) NOT NULL AUTO_INCREMENT;
--
-- Restricciones para tablas volcadas
--

--
-- Filtros para la tabla `tbl_abono_prestamo`
--
ALTER TABLE `tbl_abono_prestamo`
  ADD CONSTRAINT `fk_Tbl_Abono_Prestamo_Tbl_Prestamos1` FOREIGN KEY (`Tbl_Prestamos_idprestamos`) REFERENCES `tbl_prestamos` (`id_prestamos`) ON DELETE NO ACTION ON UPDATE NO ACTION;

--
-- Filtros para la tabla `tbl_abono_ventas`
--
ALTER TABLE `tbl_abono_ventas`
  ADD CONSTRAINT `Fk_Id_empleado_Abono_venta` FOREIGN KEY (`Id_empleado_abono`) REFERENCES `tbl_persona` (`id_persona`),
  ADD CONSTRAINT `fk_abonoVentas_ventas` FOREIGN KEY (`Tbl_Ventas_idventas`) REFERENCES `tbl_ventas` (`id_ventas`);

--
-- Filtros para la tabla `tbl_bajas`
--
ALTER TABLE `tbl_bajas`
  ADD CONSTRAINT `Fk_bajas_empleado` FOREIGN KEY (`id_persona_empleado`) REFERENCES `tbl_persona` (`id_persona`);

--
-- Filtros para la tabla `tbl_compras`
--
ALTER TABLE `tbl_compras`
  ADD CONSTRAINT `fk_compras_id_empleado` FOREIGN KEY (`Tbl_Persona_id_persona_empleado`) REFERENCES `tbl_persona` (`id_persona`),
  ADD CONSTRAINT `fk_compras_id_proveedor` FOREIGN KEY (`Tbl_Persona_id_persona_proveedor`) REFERENCES `tbl_persona` (`id_persona`);

--
-- Filtros para la tabla `tbl_compras_has_tbl_productos`
--
ALTER TABLE `tbl_compras_has_tbl_productos`
  ADD CONSTRAINT `Fk_id_detalles_compra_id_productos` FOREIGN KEY (`Tbl_Productos_id_productos`) REFERENCES `tbl_productos` (`id_producto`),
  ADD CONSTRAINT `fk_compras_detalles` FOREIGN KEY (`Tbl_Compras_idcompras`) REFERENCES `tbl_compras` (`id_compras`);

--
-- Filtros para la tabla `tbl_pagina_rol`
--
ALTER TABLE `tbl_pagina_rol`
  ADD CONSTRAINT `fk_Tbl_Pagina_Rol_Tbl_Paginas1` FOREIGN KEY (`Tbl_Paginas_codigo_paginas`) REFERENCES `tbl_paginas` (`codigo_paginas`) ON DELETE NO ACTION ON UPDATE NO ACTION,
  ADD CONSTRAINT `fk_Tbl_Pagina_Rol_Tbl_rol1` FOREIGN KEY (`Tbl_rol_id_rol`) REFERENCES `tbl_rol` (`id_rol`) ON DELETE NO ACTION ON UPDATE NO ACTION;

--
-- Filtros para la tabla `tbl_pagoempleados`
--
ALTER TABLE `tbl_pagoempleados`
  ADD CONSTRAINT `fk_pagoEmpleado_idpersona` FOREIGN KEY (`Tbl_Persona_id_persona`) REFERENCES `tbl_persona` (`id_persona`);

--
-- Filtros para la tabla `tbl_pagoempleados_has_tbl_configuracion`
--
ALTER TABLE `tbl_pagoempleados_has_tbl_configuracion`
  ADD CONSTRAINT `fk_Tbl_PagoEmpleados_has_Tbl_Configuracion_Tbl_Configuracion1` FOREIGN KEY (`Tbl_Configuracion_idTbl_Configuracion`) REFERENCES `tbl_configuracion` (`idTbl_Configuracion`) ON DELETE NO ACTION ON UPDATE NO ACTION,
  ADD CONSTRAINT `fk_Tbl_detalles_pagoEmpleado` FOREIGN KEY (`Tbl_PagoEmpleados_idpago`) REFERENCES `tbl_pagoempleados` (`id_pago`);

--
-- Filtros para la tabla `tbl_persona`
--
ALTER TABLE `tbl_persona`
  ADD CONSTRAINT `fk_tipo_persona` FOREIGN KEY (`Tbl_TipoPersona_idTbl_TipoPersona`) REFERENCES `tbl_tipopersona` (`idTbl_tipo_persona`);

--
-- Filtros para la tabla `tbl_prestamos`
--
ALTER TABLE `tbl_prestamos`
  ADD CONSTRAINT `fk_prestamos_personas` FOREIGN KEY (`Tbl_Persona_id_persona`) REFERENCES `tbl_persona` (`id_persona`);

--
-- Filtros para la tabla `tbl_productos`
--
ALTER TABLE `tbl_productos`
  ADD CONSTRAINT `fk_productos_categorias` FOREIGN KEY (`Tbl_Categoria_idcategoria`) REFERENCES `tbl_categoria` (`id_categoria`);

--
-- Filtros para la tabla `tbl_productos_has_tbl_bajas`
--
ALTER TABLE `tbl_productos_has_tbl_bajas`
  ADD CONSTRAINT `Fk_id_detalles_bajas_id_productos` FOREIGN KEY (`Tbl_Productos_id_productos`) REFERENCES `tbl_productos` (`id_producto`),
  ADD CONSTRAINT `fk_bajas` FOREIGN KEY (`Tbl_Bajas_idbajas`) REFERENCES `tbl_bajas` (`id_bajas`);

--
-- Filtros para la tabla `tbl_productos_has_tbl_ventas`
--
ALTER TABLE `tbl_productos_has_tbl_ventas`
  ADD CONSTRAINT `Fk_id_detalles_ventas_id_productos` FOREIGN KEY (`Tbl_Productos_id_productos`) REFERENCES `tbl_productos` (`id_producto`),
  ADD CONSTRAINT `fk_Tbl_detalles_Ventas` FOREIGN KEY (`Tbl_Ventas_id_ventas`) REFERENCES `tbl_ventas` (`id_ventas`);

--
-- Filtros para la tabla `tbl_proveedor`
--
ALTER TABLE `tbl_proveedor`
  ADD CONSTRAINT `fk_proveedor_persona` FOREIGN KEY (`Tbl_Persona_id_persona`) REFERENCES `tbl_persona` (`id_persona`);

--
-- Filtros para la tabla `tbl_rol_menu`
--
ALTER TABLE `tbl_rol_menu`
  ADD CONSTRAINT `fk_mo_menu` FOREIGN KEY (`id_menu`) REFERENCES `tbl_menu` (`id_menu`),
  ADD CONSTRAINT `fk_mo_rol` FOREIGN KEY (`id_rol`) REFERENCES `tbl_rol` (`id_rol`);

--
-- Filtros para la tabla `tbl_usuarios`
--
ALTER TABLE `tbl_usuarios`
  ADD CONSTRAINT `fk_Tbl_Usuarios_Tbl_rol1` FOREIGN KEY (`Tbl_rol_id_rol`) REFERENCES `tbl_rol` (`id_rol`) ON DELETE NO ACTION ON UPDATE NO ACTION,
  ADD CONSTRAINT `fk_Usuarios_Personas` FOREIGN KEY (`id_usuarios`) REFERENCES `tbl_persona` (`id_persona`);

--
-- Filtros para la tabla `tbl_ventas`
--
ALTER TABLE `tbl_ventas`
  ADD CONSTRAINT `fk_ventas_idClientes` FOREIGN KEY (`Tbl_persona_idpersona_cliente`) REFERENCES `tbl_persona` (`id_persona`),
  ADD CONSTRAINT `fk_ventas_idpersona` FOREIGN KEY (`Tbl_Persona_idpersona_empleado`) REFERENCES `tbl_persona` (`id_persona`);

/*!40101 SET CHARACTER_SET_CLIENT=@OLD_CHARACTER_SET_CLIENT */;
/*!40101 SET CHARACTER_SET_RESULTS=@OLD_CHARACTER_SET_RESULTS */;
/*!40101 SET COLLATION_CONNECTION=@OLD_COLLATION_CONNECTION */;
